iata_code,city_rus
AAA,Анаа
AAC,Аль-Ариш
AAH,Аахен
AAJ,Аварадам
AAK,Аранука
AAL,Аальбург
AAM,Мала-Мала
AAN,Аль-Айн
AAO,Анако
AAQ,Анапа
AAR,Аарус
AAT,Алтай
AAU,Асау
AAY,Аль-Гайда
ABA,Абакан
ABB,Абингдон
ABC,Албасет
ABD,Абадан
ABF,Абайянг
ABG,Абингдон
ABJ,Абиджан
ABK,Кабри-Дар
ABN,Альбина
ABP,Аткамба
ABQ,Альбукерк
ABS,Абу-Симбель
ABV,Абуджа
ABW,Абау
ABX,Элбери
ABY,Олбани
ACD,Аканди
ACE,Арресиф
ACI,Элдерни
ACJ,Анурадхапура
ACM,Арика
ACN,Сиудад-Акуна
ACO,Аскона
ACR,Араракуара
ACS,Ачинск
ACT,Вако
ACU,Ахутупо
ACY,Атлантик Сити
ACZ,Забол
ADA,Адана
ADB,Измир
ADD,Аддис Абеба
ADE,Аден
ADH,Алдан
ADJ,Амман
ADL,Аделаида
ADM,Ардмор
ADN,Андес
ADS,Даллас
ADT,Ада
ADV,Эндовер
ADY,Оллдейз
ADZ,Остров Сан Андрес
AEA,Абемама-Атолл
AEG,Эк-Годан
AEI,Альгесирас
AEK,Асеки
AEL,Альберт Ли
AEP,Буэнос-Айрес
AER,Адлер
AEY,Акурейри
AFA,Сан-Рафаэль
AFD,Порт Альфред
AFF,Колорадо Спрингз
AFI,Амалфи
AFL,Алта-Флореста
AFO,Афтон
AFR,Афоре
AFS,Зарафшан
AFT,Афутара
AFY,Афион
AGA,Агадир
AGB,Мюнхен
AGC,Питтсборо
AGD,Ангги
AGE,Вангерооге
AGF,Аген
AGG,Ангорам
AGI,Вагенинген
AGJ,Агуни
AGK,Кагуа
AGL,Ванигела
AGP,Малага
AGQ,Агринио
AGR,Агра
AGT,Кудад-дель-Эсте
AGU,Агуаскалиентес
AGV,Акарикуа
AGX,Агатти-Айленд
AGZ,Аггенейз
AHA,Окинава
AHB,Абха
AHD,Ардмор
AHI,Амахаи
AHL,Аисхалтон
AHN,Афины
AHS,Ахуас
AHT,Ам-Тиман
AHY,Амбатолахи
AIE,Айоме
AIG,Ялинга
AIL,Айлиганди
AIS,Ароре-Айленд
AIT,Аитутаки
AIY,Атлантик Сити
AJA,Аяччио
AJI,Агри
AJJ,Акжужт
AJL,Айзаул
AJN,Анжуан
AJO,Альюф
AJR,Арвидсьяур
AJS,Абреохос
AJU,Аракайю
AKA,Анькан
AKD,Акола
AKE,Акиени
AKF,Куфра
AKG,Ангуганак
AKJ,Асахикава
AKL,Окленд
AKM,Закума
AKO,Akron
AKQ,Астраксетра
AKR,Акере
AKT,Акротири
AKU,Аксу
AKX,Актюбинск
ALA,Алматы
ALB,Олбани
ALC,Аликанте
ALD,Алерта
ALF,Алта
ALH,Олбани
ALJ,Александер-Бей
ALK,Асела
ALL,Албенга
ALM,Аламогордо
ALO,Ватерло
ALP,Алеппо
ALR,Александра
ALS,Аламоса
ALU,Алула
ALV,Андорра-ла-Велла
ALY,Александрия
AMB,Амбилобе
AMD,Ахмедабад
AME,Альто-Молокуэ
AMF,Ама
AMH,Арба-Минч
AMK,Дуранго
AMM,Амман
AMO,Мао
AMP,Ампанихи
AMQ,Амбон
AMR,Арно
AMS,Амстердам
AMU,Аманаб
AMV,Амдерма
AMY,Амбатомаинти
AMZ,Ардмор
ANA,Анахайм
ANC,Анкораж
ANE,Анжер
ANF,Антофагаста
ANG,Ангулем
ANJ,Занага
ANK,Анкара
ANL,Андуло
ANM,Анталаха
ANP,Аннаполис
ANQ,Ангола
ANR,Антверпен
ANS,Андауайлас
ANX,Анденес
AOA,Ароа
AOB,Аннаберг
AOC,Альтенбург
AOD,Абу-Дейя
AOE,Эскишехир
AOG,Аньшань
AOH,Лима
AOI,Анкона
AOJ,Аомори
AOK,Карпатос
AON,Арона
AOR,Алор-Сетар
AOT,Аоста
AOU,Аттопью
APA,Денвер
APB,Аполо
APC,Напа
APE,Сан-Хуан-Апосенто
APF,Неаполь
API,Апиай
APL,Нампула
APO,Апартадо
APP,Асапа
APR,Эйприл-Ривер
APT,Джаспер
APV,Эппл Вэлли
APZ,Запала
AQG,Аньцин
AQI,Кайсумах
AQJ,Акаба
AQP,Арекуипа
AQS,Сакани
ARD,Алор-Айленд
ARH,Архангельск
ARI,Арика
ARJ,Арсо
ARK,Аруша
ARL,Арли
ARM,Армидаль
ARN,Стокгольм
ARO,Арболетас
ARP,Араджип
ARQ,Араукита
ARR,Альто-Рио-Сенгерр
ARW,Арад
ASA,Ассаб
ASB,Ашхабад
ASC,Аскеншн
ASE,Аспен
ASF,Астрахань
ASG,Ашбертон
ASJ,Амами-О-Сима
ASL,Маршалл
ASN,Талладега
ASO,Асоса
ASP,Элис Спрингз
ASQ,Остин
ASR,Кайсери
ASU,Асунсьон
ASV,Амбосели
ASW,Асуан
ASX,Эшленд
ASZ,Асирим
ATA,Анта
ATB,Атбара
ATD,Атоифи
ATF,Амбато
ATH,Афины
ATI,Артигас
ATJ,Анцирабе
ATN,Наматанай
ATO,Афины
ATP,Айтейп
ATQ,Амритсар
ATR,Атар
ATV,Ати
ATW,Эпплтон
ATX,Атбасар
ATZ,Асьют
AUC,Араука
AUH,Абу-Даби
AUJ,Амбунти
AUM,Остин
AUN,Обурн
AUO,Обурн
AUP,Агаун
AUR,Орийак
AUT,Атауро
AUY,Анейтьюм
AVF,Аворьяз
AVG,Овернь
AVN,Авиньон
AVU,Аву-Аву
AVV,Гелонг
AVW,Туксон
AWA,Авасса
AWB,Аваба
AWD,Анива
AWE,Алове
AWH,Аварех
AWR,Авар
AWZ,Ахваз
AXD,Александрополи
AXK,Атак
AXL,Александрия
AXM,Армения
AXN,Александрия
AXT,Акита
AXU,Аксум
AYA,Айапел
AYC,Аякучо
AYG,Ягуара
AYI,Яри
AYK,Аркалык
AYN,Аньян
AYP,Аякучо
AYQ,Айерс Рок
AYR,Эйр
AYT,Анталия
AYU,Айюра
AYW,Аяваси
AZB,Амазон-Бей
AZD,Язд
AZG,Апацинган
AZI,Абу-Даби
AZN,Андижан
AZO,Каламазу
AZP,Мексико Сити
AZT,Запатока
BAA,Биалла
BAD,Шревспорт
BAE,Барселонетта
BAG,Багуйо
BAI,Буэнос-Айрес
BAJ,Бали
BAN,Базонго
BAP,Байбара
BAQ,Барранкуилла
BAR,"Бейкер-Айленд, шт. Аляска"
BAS,Балале
BAV,Баотоу
BAW,Биавонке
BAX,Барнаул
BAY,Байя Маре
BBA,Балмаседа
BBC,Бэй Сити
BBG,Бутаритари
BBH,Барт
BBI,Бхубанесвар
BBJ,Битбург
BBK,Касане
BBL,Баболсар
BBM,Баттамбанг
BBO,Бербера
BBT,Берберати
BBU,Бухарест
BBY,Бамбари
BBZ,Замбези
BCA,Баракоа
BCD,Баколод
BCF,Бука
BCG,Бемичи
BCH,Баукау
BCL,Барра-Колорадо
BCM,Бакэу
BCN,Барселона
BCQ,"Вейл-Игл, шт. Колорадо"
BCT,Бока Ратон
BCU,Баучи
BCX,Белорецк
BCY,Бульчи
BDB,Бандаберг
BDH,Бандар-Ленге
BDI,Берд-Айленд
BDJ,Банджармасин
BDM,Бандирма
BDN,Бадин
BDO,Бандунг
BDP,Бхадрапур
BDS,Бриндиси
BDT,Гбадолите
BDU,Бордуфос
BDV,Моба
BDZ,Байндунг
BEA,Берейна
BEC,Вичита
BEF,Блуфилдс
BEG,Белград
BEH,Бентон Харбор
BEI,Бейка
BEL,Белем
BEM,Боссембеле
BEO,Ньюкасл
BEP,Беллари
BER,Берлин
BES,Брест
BEW,Бейра
BEY,Бейрут
BEZ,Беру
BFE,Билефельд
BFH,Куритиба
BFI,Сиэттл
BFJ,Ба
BFL,Бейкерсфилд
BFM,Мобайл
BFU,Бенгбу
BGC,Браганса
BGH,Боге
BGK,Биг-Крик
BGL,Баглунг
BGO,Берген
BGP,Бонго
BGR,Бангор
BGU,Бангассу
BGW,Багдад
BGY,Бергамо
BGZ,Брага
BHB,Бар Харбор
BHE,Бленхайм
BHF,Бахья-Купика
BHG,Брюс-Лагуна
BHH,Биша
BHJ,Бхудж
BHK,Бухара
BHL,Бахиа-Ангелес
BHN,Бейхан
BHO,Бхопал
BHP,Бхойпур
BHR,Бхаратпур
BHS,Батерст
BHU,Бхавнагар
BHV,Бахавалпур
BHW,Саргодха
BHY,Бейхай
BIA,Бастия
BIB,Байдоа
BIC,Биг-Крик
BIF,Эль Пасо
BIH,Бишоп
BII,Бикини-Атолл
BIL,Биллингс
BIN,Бамиан
BIO,Билбао
BIQ,Биарриц
BIR,Биратнагар
BIS,Бисмарк
BIT,Байтади
BIU,Билдудалур
BIV,Бриа
BIY,Бишо
BIZ,Бимин
BJD,Баккафьордур
BJF,Ботсфьорд
BJG,Болаанг
BJH,Баджханг
BJJ,Вустер
BJK,Бенджина
BJN,Бахоне
BJO,Бермехо
BJR,Бахар-Дар
BJU,Баджура
BJV,Бодрум
BJW,Баджава
BJY,Белград
BJZ,Бадахос
BKB,Биканер
BKJ,Боке
BKK,Бангкок
BKR,Бокоро
BKS,Бенгкулу
BKZ,Букоба
BLA,Барселона
BLB,Балбоа
BLC,Бали
BLE,Борланг
BLJ,Батна
BLL,Биллунд
BLP,Беллависта
BLQ,Болонья
BLR,Бангалор
BLV,Белльвиль
BLX,Беллуно
BLY,Белмаллет
BMA,Стокгольм
BMB,Бумба
BMD,Бело
BME,Брум
BMF,Бакума
BMH,Бомай
BMJ,Барамита
BMK,Боркум
BML,Берлин
BMM,Битам
BMN,Бамерни
BMO,Бамо
BMP,Бремптон Айленд
BMQ,Бамбури
BMU,Бима
BMW,Борж-Бажи-Мохтар
BMZ,Баму
BNB,Боэнде
BNC,Бени
BND,Бандар-Аббас
BNE,Брисбан
BNH,Хартфорд
BNI,Бенин-Сити
BNK,Баллина
BNM,Бодинуму
BNN,Броннойзунд
BNP,Банну
BNR,Банфора
BNS,Баринас
BNT,Бунди
BNU,Блюменау
BNV,Боана
BNX,Баня-Лука
BNY,Беллона
BNZ,Банц
BOA,Бома
BOD,Бордо
BOE,Бунджи
BOG,Богота
BOJ,Бургас
BOO,Бодо
BOP,Буар
BOQ,Боку
BOR,Белфорт
BOS,Бостон
BOU,Борже
BOV,Боанг
BOZ,Бозум
BPB,Бориди
BPD,Бапи
BPE,Баган
BPH,Бислиг
BPN,Баликпапан
BPS,Порто Сегуро
BPU,Беппу
BPY,Бесалампи
BQA,Балер
BQE,Бубаку
BQS,Благовещенск
BQT,Брест
BRE,Бремен
BRH,Брахман
BRI,Бари
BRM,Баркисимето
BRN,Берне
BRP,Биару
BRQ,Брно
BRS,Бристоль
BRU,Брюссель
BRV,Бременхавен
BRX,Барахона
BSA,Боссасо
BSB,Бразилия
BSC,Бахья-Солано
BSD,Баошань
BSE,Семантан
BSG,Бата
BSK,Бискра
BSN,Боссанга
BSO,Баско
BSP,Бенсбах
BST,Бост
BSU,Базанкусу
BSX,Бассейн
BSY,Бардера
BTB,Бету
BTE,Бонте
BTG,Батангафо
BTJ,Банда Асе
BTK,Братск
BTO,Ботопасье
BTQ,Бутаре
BTR,Батон Руж
BTS,Братислава
BTU,Бинтулу
BTW,Бату-Личин
BTZ,Бурса
BUD,Будапешт
BUG,Бенгела
BUI,Бокондини
BUK,Альбук
BUL,Булоло
BUN,Буэнавентура
BUO,Бурао
BUP,Бхатинда
BUQ,Булауайо
BUR,Бурбанк
BUS,Батуми
BUT,Бертонвуд
BUV,Белла-Юнион
BUX,Буниа
BUY,Банбери
BUZ,Бушехр
BVA,Париж
BVE,Брив-ла-Гайард
BVF,Буа
BVG,Берлевог
BVI,Бирдсвилл
BVM,Бельмонте
BVP,Боловип
BWA,Бхайрава
BWE,Брауншвайг
BWH,Баттерворт
BWJ,Баван
BWK,Бол
BWN,Бандар Сери Бегаван
BWO,Балаково
BWU,Сидней
BWY,Вудбридж
BXB,Бабо
BXD,Баде
BXE,Бакель
BXG,Бендиго
BXH,Балхаш
BXJ,Бурундай
BXL,Блю-Лагун
BXM,Батом
BXN,Бодрум
BXO,Буокс
BXT,Бонтанг
BXU,Бутуань
BYB,Дибаа
BYC,Якуйба
BYD,Бейда
BYL,Белла-Елла
BYM,Байамо
BYQ,Бунью
BYT,Бантри
BYU,Байройт
BZA,Бонанса
BZC,Бузиос
BZG,Быдгощ
BZI,Балыкесир
BZK,Брянск
BZL,Барисал
BZM,Берген Оп Зоом
BZO,Болзано
BZR,Безьер
BZY,Бельцы
BZZ,Оксфорд
CAA,Катакамас
CAB,Кабинда
CAG,Кальяри
CAH,Ка-Мау
CAI,Каир
CAJ,Канайма
CAL,Кемпбелтаун
CAM,Камири
CAN,Гуанчжоу
CAP,Кеп-Гаитиен
CAQ,Каукасиа
CAS,Касабланка
CAT,Кэт-Айленд
CAV,Казомбо
CAX,Карлисл
CBB,Качабамба
CBD,Кар-Никобар
CBG,Кембрдидж
CBJ,Кабо-Рожо
CBL,Сьюдад-Боливар
CBN,Чиребон
CBO,Котабато
CBP,Коимбра
CBQ,Калабар
CBR,Канберра
CBS,Кабимас
CBU,Коттбус
CBV,Кобан
CCC,Кайо Коко
CCD,Лос Анджелес
CCF,Каркассон
CCH,Чиле-Чико
CCL,Шиншилла
CCN,Чагчаран
CCO,Каримагуа
CCP,Консепсьон
CCS,Каракас
CCT,Колония-Катриэль
CCV,Крейг-Кав
CCX,Касерес
CDA,Куинда
CDC,Сидар Сити
CDE,Каледония
CDG,Париж
CDO,Крадок
CDP,Куддапах
CDS,Чайлдресс
CDZ,Кадиз
CEA,Вичита
CEB,Кебу
CEE,Череповец
CEG,Честер
CEI,Чанг-Рай
CEJ,Чернигов
CEK,Челябинск
CEL,Кейп-Элутера
CEN,Сиудад-Обрегон
CEO,Вако-Кунго
CEP,Консепсьон
CEQ,Канны
CER,Шербург
CET,Шоле
CEZ,Кортез
CFE,Клермон-Ферран
CFG,Сиенфуэгос
CFO,Конфреца
CFR,Кан
CFS,Коффс Харбор
CGB,Куиаба
CGC,Кейп-Глусестер
CGD,Чандэ
CGE,Кембрдидж
CGG,Касигуран
CGH,Сао Паоло
CGJ,Чингола
CGM,Камигуин
CGN,Кельн
CGO,Чженчжоу
CGQ,Чаньчунь
CGR,Кампо Гранде
CGS,Колледж парк
CGT,Шингитти
CGU,Сьюдад-Гуаяна
CGX,Чикаго
CGY,Кагаян Де Оро
CHB,Чилас
CHC,Кристчерч
CHD,Меса
CHG,Чаоян
CHH,Чачапояс
CHI,Чикаго
CHM,Чимботе
CHN,Джеонжу
CHO,Шарлоттсвилль
CHR,Шаторуа
CHT,Чатам-Айленд
CHV,Чавес
CHX,Чангвинола
CHY,Чойсфул-Бей
CIA,Рим
CIF,Чифен
CIH,Чанжи
CIJ,Кобиха
CIM,Кимитарра
CIO,Консепсьон
CIP,Чипата
CIQ,Чикумула
CIR,Каир
CIS,Кентон-Айленд
CIT,Шимкент
CIU,Со Сен Мари
CIX,Чиклайо
CIY,Комизо
CJA,Кахамарка
CJB,Коимбаторе
CJC,Калама
CJD,Кандилежас
CJI,Сиудад Реаль
CJL,Читрал
CJM,Чампхон
CJS,Сиудад Хуарез
CKA,Чероки
CKC,Черкассы
CKG,Чонсинь
CKH,Чокурдах
CKK,Чероки
CKL,Чкаловский
CKV,Кларксвилл
CKZ,Канаккале
CLA,Комилла
CLB,Кастлбар
CLJ,Клуж-Напока
CLM,Порт Анжелес
CLO,Кали
CLQ,Колима
CLT,Шарлотт
CLW,Клируотер
CLX,Клоринда
CLY,Кальви
CLZ,Калабосо
CMB,Коломбо
CMF,Шамбери
CMM,Кармелита
CMN,Касабланка
CMO,Оббиа
CMR,Колмар
CMS,Скускубан
CMT,Камета
CMV,Коромандель
CMW,Камагуэй
CMX,Хэнкок
CMY,Спарта
CNA,Кананеа
CND,Константа
CNG,Коньяк
CNL,Зиндаль
CNN,Чульман
CNQ,Корриентес
CNR,Чаньяраль
CNS,Кернс
CNT,Чарата
CNX,Чанг-Май
CNY,Моаб
CNZ,Кангамба
COA,Колумбия
COG,Кондото
COH,Куч-Бехар
COK,Кочи
COR,Кордова
COS,Колорадо Спрингз
COU,Колумбия
COV,Ковилья
COW,Кокимбо
COX,Конго-Таун
COZ,Констанца
CPA,Кейп-Палмас
CPB,Капургана
CPD,Кубер Педи
CPE,Кампеше
CPF,Чепу
CPH,Копенгаген
CPL,Чапаррал
CPO,Копьяпо
CPQ,Кампинас
CPT,Кейптаун
CQF,Кале
CQP,Кейп-Флеттери
CQT,Какуэтаниа
CRA,Крайова
CRC,Картаго
CRE,Миртл Бич
CRF,Карнот
CRJ,Курабье
CRL,Брюссель
CRM,Катарман
CRN,Кромарти
CRQ,Каравелас
CRR,Керес
CRV,Кротон
CRX,Коринт
CSB,Карансебеш
CSC,Канас
CSH,Соловецкий
CSI,Феникс
CSK,Кеп-Скирринг
CSR,Касуарито
CST,Кастэвей
CSX,Чанша
CSY,Чебоксары
CTA,Катания
CTC,Катамарка
CTE,Карти
CTG,Картегена
CTI,Куито
CTM,Четумал
CTN,Куктаун
CTR,Кэттл-Крик
CTS,Саппоро
CTT,Ле-Кастейе
CTU,Ченгду
CUA,Сиудад-Конститусьон
CUB,Колумбия
CUD,Калундра
CUE,Куенка
CUF,Кунео
CUI,Куррилло
CUJ,Кулион
CUM,Кумана
CUN,Канкун
CUO,Каруру
CUP,Карупано
CUU,Чихуахуа
CUX,Корпус Кристи
CUZ,Куско
CVA,Питтсборо
CVE,Ковенас
CVF,Куршевель
CVH,Кавиахуэ
CVI,Калета-Оливия
CVJ,Куернавака
CVL,Кейп-Вогель
CVM,Сиудад-Виктория
CVO,Олбани
CWB,Куритиба
CWC,Черновцы
CWP,Кампбеллпур
CXH,Ванкувер
CXJ,Касьяс ду Суль
CXN,Кандала
CXR,Нха Транг
CYA,Лес-Кейес
CYC,Кайе-Чапел
CYI,Чиайи
CYL,Койолес
CYO,Кайо Ларго Дель Сур
CYP,Калбайог
CYR,Колония
CYS,Чейнни
CYX,Черский
CYZ,Кауаян
CZA,Чинчен Ица
CZE,Коро
CZH,Корозал
CZM,Коцумел
CZU,Корозал
CZW,Щесточова
CZX,Чангзу
DAB,Дайтона Бич
DAD,Да-Нанг
DAE,Дапаризо
DAF,Доп
DAH,Датина
DAI,Дарцзилин
DAL,Даллас
DAM,Дамаск
DAP,Дарчула
DAT,Датонг
DAU,Дару
DAV,Давид
DAX,Дэцзян
DAZ,Дарваз
DBA,Далбандин
DBD,Дханбад
DBM,Дебра-Маркос
DBN,Дублин
DBO,Дуббо
DBQ,Дюбюк
DBT,Дебра-Табор
DBV,Дубровник
DCM,Кастре
DDG,Даньдон
DDM,Додоима
DDU,Даду
DEB,Дебрецен
DED,Дера Дун
DEL,Нью Дели
DEM,Дембидолло
DEN,Денвер
DEO,Диарборн
DER,Дерим
DES,Десрочес
DET,Детройт
DGA,Дангрига
DGC,Дегабур
DGE,Муджи
DGO,Дуранго
DGP,Даугавпилс
DGR,Даргавиль
DGT,Думагете
DGU,Дедугу
DHA,Дхахран
DHF,Абу-Даби
DHI,Дхангархи
DHL,Дала
DHM,Дхарамсала
DIB,Дибругарх
DIC,Дили
DIJ,Дижон
DIL,Дили
DIP,Диапага
DIW,Диквелла
DIY,Диярбакыр
DJA,Джугу
DJB,Джамби
DJE,Джерба
DJM,Джамбала
DJU,Джупивогур
DKI,Данк Айленд
DKR,Дакар
DKS,Диксон
DLA,Дуала
DLC,Далиан
DLD,Гейло
DLF,Дель Рио
DLI,Далат
DLM,Даламан
DLY,Диллонс-Бей
DMA,Туксон
DMB,Жамбыл
DME,Москва
DMR,Дамар
DMU,Димапур
DNA,Окинава
DND,Данди
DNE,Даллас
DNF,Дерна
DNH,Дунхуань
DNI,Вад-Медани
DNK,Днепропетровск
DNP,Данг
DNR,Динард
DNT,Санта-Ана
DNU,Динангат
DNX,Диндер
DNZ,Денизли
DOA,Доани
DOC,Дорноч
DOD,Додома
DOE,Дьомье
DOG,Донгола
DOH,Доха
DOI,Дойни
DOK,Донецк
DOL,Дювиль
DOM,Доминика
DON,Дос-Лагунас
DOO,Доробисоро
DOP,Дольпа
DOR,Дори
DOS,Диос
DPA,Чикаго
DPE,Дьеп
DPL,Диполог
DPO,Девонпорт
DPU,Думпу
DRJ,Дриетаббетье
DRM,Драма
DRO,Дуранго
DRS,Дрезден
DRT,Дель Рио
DRW,Дарвин
DSC,Дшанг
DSD,Ла-Дезираде
DSE,Десси
DSI,Дестин
DSK,Дера-Исмаил-Хан
DSL,Дару
DTD,Датадавай
DTE,Дает
DTH,Долина Смерти
DTM,Дортмунд
DUB,Дублин
DUD,Дунедин
DUE,Дундо
DUM,Думаи
DUN,Дундас
DUR,Дурбан
DUS,Дюссельдорф
DVA,Дева
DVT,Феникс
DWB,Соалала
DWH,Хьюстон
DWN,Оклахома Сити
DWS,Орландо
DXA,До-Альпес
DXB,Дубай
DYG,Дэань
DYR,Анадырь
DZI,Кодаси
DZN,Жезказган
DZU,Дазу
EAB,Аббсе
EAE,Эмей
EAM,Неджран
EAS,Сан-Себастьян
EBA,Остров Эльба
EBD,Эль-Обейд
EBJ,Эсбьерг
EBM,Эль-Борма
EBN,Эбадон
EBR,Батон Руж
EBU,Сент Етьенн
EBW,Эболова
ECH,Эчука
ECO,Эль-Энканто
ECR,Эль-Чарко
ECS,Ньюкасл
EDF,Анкораж
EDI,Эдинбург
EDK,Эль-Дорадо
EDL,Элдорет
EDM,Ла-Рош
EDQ,Эрандике
EFD,Хьюстон
EFG,Эфоги
EFL,Кефалония
EGA,Энгати
EGC,Бержерак
EGI,Вальпараисо
EGL,Негелли
EGM,Сиж
EGO,Белгород
EGS,Эгилсстадир
EHL,Эль-Больсон
EIA,Эйя
EIB,Айзенах
EIE,Енисейск
EIN,Эйндховен
EIY,Эйн-Яхав
EJA,Барранкабермежа
EJH,Ведих
EKB,Экибастуз
EKE,Экереку
EKT,Эскилстуна
ELB,Эль-Банко
ELD,Эль-Дорадо
ELE,Эль-Реал
ELF,Эль-Фашер
ELG,Эль-Голеа
ELJ,Эль-Рекрео
ELL,Эллисрас
ELO,Эльдорадо
ELP,Эль Пасо
ELS,Ист-Лондон
ELT,Тур-Синай-Сити
EMB,Сан-Кристобаль
EME,Эмден
EMG,Эмпангени
EMI,Эмирау
EML,Люцерн
EMN,Нема
EMO,Эмо
EMS,Эмбесса
EMX,Эль-Майтен
EMY,Эль-Минья
ENC,Ненси
ENE,Энде
ENF,Енонтекио
ENH,Энши
ENJ,Эль-Нараньо
ENO,Инкарнасьон
ENS,Энсхеде
ENU,Энугу
EOI,Эдей
EOR,Эль-Дорадо
EOZ,Элорса
EPI,Эпи
EPK,Эпископи
EPL,Эпиналь
EPN,Эпена
EPS,Самана
EPT,Элиптамин
EPU,Парну
EQS,Эскель
ERA,Эригаво
ERC,Эрзинкан
ERD,Бердянск
ERE,Эрейв
ERF,Эрфурт
ERI,Эри
ERS,Виндхек
ERU,Эруме
ERZ,Эрзурум
ESB,Анкара
ESF,Александрия
ESG,Марискал-Эстигар
ESK,Эскишехир
ESL,Элиста
ESR,Сальвадор
ESS,Эссен
ESU,Эссаурия
ETE,Генда-Вуха
ETH,Эйлат
EUA,Эуа
EUG,Юджин
EUM,Ноймюнстер
EUN,Лаайюн
EUO,Паратебуэно
EVG,Свег
EVN,Ереван
EVX,Эвро
EWE,Эвер
EWI,Энаротали
EWK,Ньютон
EWN,Нью Берн
EWO,Эво
EXT,Эксетер
EYL,Йелиман
EYP,Эль-Йопал
EYS,Элийе-Спрингс
EYW,Ки Уэст
EZE,Буэнос-Айрес
EZS,Элязыг
FAA,Фаранах
FAG,Фагурхолсмыри
FAH,Фарах
FAN,Фарсунд
FAO,Фаро
FAR,Фарго
FAS,Фаскрудсфьордур
FAT,Фресно
FAY,Файетвилл
FBD,Файзабад
FCB,Фиксбург
FCH,Фресно
FCM,Миннеаполис
FCO,Рим
FCS,Колорадо Спрингз
FCT,Якима
FDE,Форде
FDH,Фридрихшафен
FDU,Бандунду
FEB,Санфебагар
FEG,Фергана
FER,Фергусонс-Галф
FES,Сан Фернандо
FEW,Чейнни
FEZ,Фес
FFU,Футалеуфу
FGL,Фокс Гласиер
FGR,Фенгерола
FGU,Фангатау
FHZ,Факахина
FIE,Фейр-Айсл
FIG,Фриа
FIN,Финшхафен
FKB,Карлсруэ
FKJ,Фукуи
FKS,Фукушима
FLA,Флоренсиа
FLC,Фоллз-Крик
FLE,Петерсбург
FLF,Фленсбург
FLL,Форт Лодердейл
FLM,Филадельфия
FLN,Флорианополис
FLO,Флоренция
FLR,Флоренция
FLU,Нью-Йорк
FMA,Формоса
FMH,Фолмаут
FMI,Калемие
FMY,Форт Майерс
FNE,Фейн
FNG,Фада-Нгурма
FNH,Финча
FNI,Ним
FNJ,Пхеньян
FNT,Флинт
FOC,Фучжоу
FOG,Фоджия
FOM,Фумбан
FOO,Нумфоор
FOP,Форест Парк
FOR,Форталеса
FOU,Фугаму
FOY,Фойя
FRA,Франкфурт-на-Майне
FRC,Франка
FRE,Фера-Айленд
FRF,Франкфурт-на-Майне
FRJ,Фрехус
FRL,Форли
FRO,Флоро
FRQ,Ферамин
FRS,Флорес
FRT,Фрутильяр
FRU,Бишкек
FRW,Франсистаун
FSS,Форрес
FTA,Футуна-Айленд
FTI,Фитута
FTU,Форт-Дофин
FTW,Форт Уорт
FTY,Атланта
FUB,Фуллборн
FUG,Фуан
FUJ,Фуку
FUK,Фукуока
FUM,Фума
FUO,Фушань
FUT,Футуна-Айленд
FWA,Форт Уэйн
FWM,Форт-Вильям
FXE,Форт Лодердейл
FYM,Файетвилл
FYN,Фуюнь
FYT,Файя
FYV,Файетвилл
FZO,Бристоль
GAA,Гуамал
GAC,Грация
GAE,Габес
GAF,Гафса
GAJ,Ямагата
GAN,Ген-Айленд
GAO,Гуантанамо
GAP,Гусап
GAQ,Гао
GAR,Гарайна
GAS,Гарисса
GAT,Гап
GAV,Гаг-Айленд
GAW,Ганго
GAX,Гамба
GAY,Гайя
GBA,Биг-Бей
GBB,Гара-Джебилет
GBC,Гасуке
GBE,Габороне
GBF,Негарбо
GBJ,Мари-Галанте
GBK,Гбангбаток
GBM,Гарбахари
GBN,Сан Джованни Ротондо
GBO,Балтимор
GBS,Порт-Фицрой
GBZ,Грейт-Барьер-Айленд
GCC,Жилетте
GCI,Гернси
GCJ,Йоханнесбург
GDA,Гунда
GDG,Магдагачи
GDI,Гордил
GDJ,Гандаджика
GDL,Гуадалахара
GDN,Гданьск
GDP,Гуадалупе
GDQ,Гондэр
GDX,Магадан
GDZ,Геленджик
GEB,Гебе
GEC,Геситкале
GEF,Жева-Эйрстрип
GEG,Спокане
GEN,Осло
GER,Нуэва-Герона
GES,Женерал-Сантос
GEV,Галливаре
GEX,Гелонг
GFO,Бартика
GFR,Гранвиль
GFY,Грутфонтейн
GGC,Лумбала
GGL,Жилгал
GHD,Гимби
GHE,Гарахин
GHK,Гуш-Катиф
GHN,Гуанчжань
GHT,Гат
GHU,Гуалегуайчу
GIB,Гибралтар
GII,Сигуири
GIL,Гилгит
GIM,Миеле-Мимбале
GIS,Гизборн
GIT,Гейта
GIU,Сигирия
GJT,Гранд Джанкшн
GKA,Горока
GKE,Гайленкирхен
GKH,Горкха
GKO,Конгобумба
GKT,Гатлинбург
GLC,Гелади
GLF,Голфито
GLK,Галкайо
GLL,Гол
GLM,Гленормистон
GLN,Гулимим
GLO,Глучестер
GLP,Гулгубип
GLS,Гелвстон
GLT,Гледстоун
GLX,Галела
GLZ,Бреда
GMB,Гамбела
GMC,Герима
GME,Гомель
GMI,Гасмата-Айленд
GMM,Гамбома
GMN,Греймауз
GMS,Гимараес
GMY,Райндален
GNA,Гродно
GNB,Гренобль
GNE,Гент
GNI,Грин Айленд
GNN,Гиннир
GNR,Хенераль-Рока
GNS,Гунунгситоли
GNZ,Ганзи
GOB,Гоба
GOC,Гора
GOI,Гоа
GOJ,Нижний Новгород
GOM,Гома
GOP,Горахпур
GOQ,Голмуд
GOR,Гор
GOT,Готенбург
GOU,Гаруа
GOY,Гал-Ойя
GPA,Патрас
GPI,Гуапи
GPL,Гуапайлз
GPO,Хенераль-Пико
GRA,Гамарра
GRB,Грин Бэй
GRC,Гранд-Цесс
GRF,Такома
GRG,Гардез
GRH,Гаруахи
GRJ,Джордж
GRL,Гараса
GRO,Герона
GRQ,Гронинген
GRS,Гроссето
GRT,Гуджрат
GRU,Сао Паоло
GRV,Грозный
GRX,Гранада
GRY,Гримси
GRZ,Грац
GSE,Готенбург
GSI,Гуадалканал
GSR,Гардо
GSU,Гедарев
GSY,Гримсби
GTB,Гентинг
GTI,Гюттин
GTN,Маунт Кук
GTO,Горонтало
GTW,Злин
GTY,Геттисберг
GUA,Гватемала Сити
GUB,Гверреро-Негро
GUD,Гундам
GUG,Гуари
GUI,Гуйриа
GUL,Гоулбурн
GUO,Гуалако
GUP,Галлап
GUQ,Гуанаре
GUV,Мугулу
GUW,Атырау
GUX,Гуна
GVA,Женева
GVI,Грин-Ривер
GVX,Гавле
GWD,Гвадар
GWE,Гверу
GWL,Гвалиор
GWW,Берлин
GWY,Голуэй
GXF,Сейюн
GXG,Негаге
GXH,Милденхолл
GXQ,Койайке
GXX,Ягуа
GYA,Гуаярамерин
GYD,Баку
GYE,Гуайяквил
GYI,Гисеный
GZI,Газни
GZM,Гозо
GZO,Гизо
GZT,Газиантеп
HAA,Хасвик
HAB,Гамильтон
HAD,Халмстад
HAJ,Ганновер
HAK,Хайкоу
HAL,Халали
HAM,Гамбург
HAN,Ханой
HAO,Гамильтон
HAP,Лонг Айленд
HAS,Хаиль
HAU,Хаугезунд
HAV,Гавана
HAZ,Хетцфельдтавен
HBA,Хобарт
HBE,Александрия
HBG,Хаттисберг
HBI,Харбор-Айленд
HBL,Бабелеги
HBT,Хафр-Альбатин
HBX,Хубли
HCQ,Холлз Крик
HCS,Йоханнесбург
HDB,Хайдельберг
HDD,Хидерабад
HDF,Херингсдорф
HDM,Хамадан
HDY,Хат Яй
HEA,Герат
HEB,Хензада
HEE,Хелена
HEH,Хехо
HEK,Хейхе
HEM,Хельсинки
HET,Хоххот
HEV,Гуелва
HEW,Афины
HEX,Санто-Доминго
HEZ,Натчез
HFA,Хайфа
HFD,Хартфорд
HFE,Хефей
HFS,Хагфорс
HFT,Хаммерфест
HGA,Харгейса
HGH,Ханчжоу
HGL,Хелголанд
HGN,Мей-Хонг-Сон
HHA,Чанша
HHE,Хачинохе
HHP,Гонконг
HHQ,Хуа-Хин
HHZ,Хикуэру
HIC,Претория
HID,Хорн-Айленд
HIF,Огден
HIG,Хайбери
HIH,Хук-Айленд
HIJ,Хиросима
HIK,Гонолулу
HIL,Шилаво
HIS,Хейман Айленд
HIT,Хиваро
HIW,Хиросима
HJR,Кхаджурахо
HKD,Хакодате
HKG,Гонконг
HKK,Хокитика
HKS,Джексон
HKT,Пхукет
HKV,Хасково
HLA,Лансерия
HLD,Хайлар
HLF,Хултсфред
HLH,Уланьхот
HLN,Хелена
HLP,Джакарта
HLS,Сент Хеленс
HLT,Гамильтон
HLV,Хеленвейл
HLW,Хлухлуве
HLZ,Гамильтон
HMA,Ханты-Мансийск
HMI,Хами
HMJ,Хмельницкий
HMN,Аламогордо
HMO,Хермосилльо
HMR,Хамар
HND,Токио
HNG,Хьенгене
HNI,Хейвени
HNL,Гонолулу
HNN,Хонинаби
HNY,Хеньян
HOA,Хола
HOE,Хоуисей
HOG,Голгуин
HOH,Хохенемс
HOI,Хао-Айленд
HOO,Кваньдук
HOQ,Хоф
HOX,Хомалин
HOY,Хой-Айленд
HPH,Хейфонг
HPR,Претория
HRA,Мансехра
HRB,Харбин
HRC,Жайрем
HRE,Хараре
HRG,Хургада
HRJ,Чаурджхари
HRK,Харьков
HRL,Харлинген
HRN,Герон Айленд
HRR,Херрера
HRS,Харрисмит
HRT,Херрогейт
HSC,Шаогуань
HSH,Лас Вегас
HSK,Хуэска
HSN,Чжушань
HSS,Хиссар
HTA,Чита
HTG,Хатанга
HTI,Хамилтон Айленд
HTN,Хотан
HTR,Хатерума
HTZ,Хато-Коросал
HUB,Хамберт-Ривер
HUE,Хумера
HUG,Хухутенанго
HUI,Гуе
HUN,Хуалянь
HUQ,Хоун
HUU,Уануко
HUV,Худиксвалл
HUX,Хуатулко
HUY,Хамберсайд
HUZ,Хуэйчжоу
HVA,Аналалава
HVB,Херви Бей
HVG,Хоннигсвог
HVK,Холмавик
HVM,Хваммстанги
HWA,Хавабанго
HWO,Холливуд
HYA,Хианнис
HYC,Хай-Вайкомб
HYD,Хидерабад
HYF,Хейфильдз
HYN,Хуанань
HYV,Хивинкаа
HZB,Хазебрук
HZG,Ханьчжун
HZK,Хусавик
HZV,Хезивью
IAA,Игарка
IAB,Вичита
IAG,Ниагара Фоллз
IAH,Хьюстон
IAQ,Бахреган
IAR,Ярославль
IAS,Иаси
IBA,Ибадан
IBE,Ибаги
IBI,Ибоки
IBO,Ибо
IBP,Иберия
IBZ,Ибица
ICA,Икабару
ICI,Кикия
ICN,Сеул
ICR,Никаро
ICT,Вичита
IDA,Айдахо Фоллз
IDB,Идре
IDF,Идиофа
IDN,Индаген
IDP,Индепенденс
IDR,Индор
IEG,Зелена-Гора
IEJ,Иежима
IEV,Киев
IFJ,Исафьордур
IFN,Исфахан
IFO,Ивано-Франковск
IGB,Инженеро-Джако
IGE,Игуэла
IGL,Измир
IGN,Илиган
IGO,Чигородо
IHN,Кишн
IHO,Ихоси
IHU,Иху
IIN,Нисиноомоте
IIS,Ниссан-Айленд
IJK,Ижевск
IKI,Ики
IKL,Икела
IKS,Тикси
IKT,Иркутск
ILA,Иллага
ILK,Илака
ILO,Йоило
ILR,Илорин
ILU,Килагуни
ILZ,Жилина
IMA,Иамалеле
IMB,Имбаимадай
IMD,Имонда
IMF,Имфал
IMG,Иньяминга
IMK,Симикот
IMZ,Нимроз
INA,Инта
INB,Индепенденс
INC,Фучуан
INE,Шинде
INF,Ин-Геззам
INH,Иньямбане
INI,Ниш
INN,Инсбрук
INO,Инонго
INQ,Инишир
INR,Со Сен Мари
INX,Инанватан
INZ,Ин-Салах
IOA,Иоаннина
IOK,Иокеа
ION,Импфондо
IOP,Иома
IOR,Инишмор
IOS,Илеус
IPA,Ипота
IPE,Ипил
IPG,Ипиранга
IPH,Ипох
IPI,Ипиалес
IPN,Ипатинга
IPW,Ипсвич
IQM,Куэмо
IQN,Куаньян
IQQ,Икуике
IQT,Икуитос
IRA,Киракира
IRI,Иринга
IRJ,Ла-Риоха
IRN,Ириона
ISD,Искуанде
ISE,Испарта
ISG,Исигаки
ISH,о.Искья
ISJ,Айла Мухерес
ISK,Насик
ISM,Киссимми
IST,Стамбул
ITK,Итокама
ITM,Осака
IUE,Ниуе-Айленд
IUS,Инус
IVA,Амбандза
IVC,Инверкаргилл
IVL,Ивало
IVO,Чиволо
IWA,Иваново
IWJ,Ивами
IWS,Хьюстон
IXA,Агартала
IXB,Багдогра
IXC,Чандигарх
IXD,Аллахабад
IXE,Мангалор
IXG,Белгаум
IXH,Кайлашахар
IXI,Лилабари
IXJ,Джамму
IXK,Кешод
IXL,Лех
IXM,Мадурай
IXN,Ховаи
IXP,Патханкот
IXQ,Камалпур
IXR,Ранчи
IXS,Силчар
IXT,Пасигхат
IXU,Аурангабад
IXV,Алонг
IXW,Джамшедпур
IXY,Кандия
IXZ,Порт-Блер
IZO,Идзумо
IZT,Ихтепек
JAA,Джелалабад
JAB,Джабиру
JAC,Джексон
JAD,Перт
JAE,Атланта
JAF,Джафна
JAG,Джакобабад
JAI,Джайпур
JAJ,Атланта
JAL,Халапа
JAM,Джамбол
JAN,Джексон
JAO,Атланта
JAP,Пунта Ренес
JAQ,Жакино-Бей
JAS,Джаспер
JAU,Хауха
JBC,Бостон
JBP,Лос Анджелес
JCA,Канны
JCC,Сан-Кристобаль
JCN,Инчеон
JCU,Сеута
JCX,Лос Анджелес
JDB,Даллас
JDH,Джодхпур
JDM,Майами
JDN,Иордания
JDP,Париж
JDT,Миннеаполис
JDX,Хьюстон
JDZ,Цзиньдэчжэнь
JED,Джедда
JEE,Жереми
JEJ,Джех
JER,Джерси
JFK,Нью-Йорк
JFM,Фримантл
JGA,Джамнагар
JGB,Джагдалпур
JGL,Атланта
JGN,Цзяюйгуань
JGP,Хьюстон
JGQ,Хьюстон
JHB,Джохор-Бару
JHG,Цзиньхонг
JHW,Джеймстаун
JHY,Кембрдидж
JIB,Джибути
JID,Лос Анджелес
JIJ,Джиджига
JIL,Цзилинь
JIM,Джимма
JIN,Джинджа
JIP,Хипихапа
JIR,Джири
JIU,Цзюцзянь
JIW,Дживани
JJI,Хуанхуй
JJN,Цзиньян
JKG,Йонкопинг
JKH,Хиос
JKR,Джанакпур
JKT,Джакарта
JLO,Езоло
JLR,Джабалпур
JLX,Лос Анджелес
JMA,Хьюстон
JMB,Джамба
JMD,Даллас
JMK,Миконос
JMM,Малмо
JMO,Джомсом
JMS,Джеймстаун
JMU,Джаймуси (Китай)
JNG,Цзинин
JNH,Даллас
JNI,Хунин
JNN,Нанорталик
JNP,Ньюпорт Бич
JNX,Наксо
JNZ,Цзиньчжоу
JOC,Санта-Ана
JOE,Йонсуу
JOG,Джогиякарта
JOK,Йошкар-Ола
JOL,Жоло
JOM,Ньомбе
JOP,Жозефсталль
JOR,Орандж
JOS,Йос
JPA,Жоао Пессоа
JPT,Хьюстон
JPU,Париж
JQE,Жак
JRA,Нью-Йорк
JRC,Рочестер
JRE,Нью-Йорк
JRH,Йорхат
JRK,Арсук
JRO,Килиманджаро
JRS,Иерусалим
JSA,Джайсалмер
JSG,Сан-Рафаэль
JSI,Скиатлос
JSL,Атлантик Сити
JSN,Лос Анджелес
JSO,Содерталье
JSR,Джессор
JSS,Спецаи-Айленд
JSY,Сирос-Айленд
JTO,Таузэнд Оукс
JUA,Жуара
JUB,Джуба
JUC,Лос Анджелес
JUI,Юист
JUJ,Хухуй
JUL,Хулиака
JUM,Джумла
JUO,Журадо
JUT,Хутикальпа
JUV,Упернавик
JVA,Анкавандра
JWA,Жваненг
JWC,Лос Анджелес
JWH,Хьюстон
JWL,Хьюстон
JXN,Джексон
JYV,Ювяскюля
KAA,Касама
KAB,Кариба
KAC,Камешли
KAD,Кадуна
KAF,Карато
KAG,Гангнеунг
KAH,Мельбурн
KAI,Каетер
KAJ,Каяне
KAN,Кано
KAO,Кусамо
KAP,Капанга
KAQ,Камулай
KAR,Камаранг
KAS,Карасбург
KAT,Кайтайа
KAU,Каухава
KAV,Каванаен
KAW,Котонг
KAY,Вакая-Айленд
KAZ,Кау
KBA,Кабала
KBB,Киркимби
KBF,Карубага
KBH,Калат
KBI,Криби
KBJ,Кингз Каньон
KBM,Кабвум
KBN,Кабинда
KBO,Кабало
KBP,Борисполь
KBQ,Касунгу
KBR,Кота-Бару
KBU,Котабару
KBV,Краби
KBX,Камбуая
KBZ,Каикоура
KCA,Куга
KCB,Касикасима
KCH,Кучинг
KCK,Канзас Сити
KCO,Косаели
KCP,Каменец-Подольский
KCS,Кингз Крик Стэйшн
KCT,Коггала
KCU,Масинди
KCZ,Кочи
KDA,Колда
KDC,Канди
KDD,Хуздар
KDE,Короба
KDG,Карджали
KDH,Кандагар
KDL,Кярдла
KDP,Кандеп
KDR,Кандриан
KDU,Скарду
KDV,Кандаву
KDW,Канди
KEA,Кейса
KEC,Касенга
KED,Кеди
KEE,Келле
KEF,Рейкьявик
KEG,Кегльсугль
KEI,Кепи
KEJ,Кемерово
KEL,Киел
KEN,Кенема
KEP,Непалгандж
KEQ,Кебар
KER,Керман
KEX,Канабеа
KEY,Керичо
KFA,Киффа
KFG,Калкурунг
KFS,Кастамону
KGA,Кананга
KGB,Конге
KGD,Калининград
KGF,Караганда
KGG,Кедугу
KGH,Йонгай
KGI,Калгурли
KGJ,Каронга
KGN,Казонго-Лунда
KGO,Кировоград
KGP,Когалым
KGS,Кос
KGU,Кенингау
KGW,Каги
KGY,Кингарой
KHA,Ханех
KHC,Керчь
KHE,Херсон
KHG,Каши
KHJ,Каухайоки
KHL,Кхулна
KHM,Хамти
KHN,Наньчан
KHS,Хасаб
KHT,Хост
KHU,Кременчуг
KHV,Хабаровск
KIA,Кайапит
KID,Кристианстад
KIE,Киета
KIH,Киш-Айленд
KIJ,Ниигата
KIK,Киркук
KIL,Килва
KIM,Кимберли
KIN,Кингстоун
KIQ,Кира
KIS,Кисуму
KIT,Китира
KIU,Киунга
KIV,Кишинев
KIW,Китве
KIX,Осака
KIY,Килва
KIZ,Кикинонда
KJA,Красноярск
KJP,Керама
KJU,Камираба
KKC,Кхон Каен
KKD,Кокода
KKG,Конаварук
KKJ,Кита-Кюсю
KKM,Лоп Бури
KKN,Киркенес
KKO,Кайкоэ
KKW,Киквит
KKX,Кикаига-Сима
KKY,Килкенни
KLB,Калабо
KLC,Каолак
KLD,Тверь
KLE,Келе
KLF,Калуга
KLH,Колхапур
KLK,Калокол
KLO,Калибо
KLQ,Келуанг
KLR,Калмар
KLT,Кайзерслаутен
KLU,Клагенфурт
KLV,Карловы-Вары
KLX,Каламата
KLY,Калима
KLZ,Кляйнзи
KMA,Керема
KMB,Койнамбе
KMD,Манджи
KME,Камембе
KMF,Камина
KMG,Кунминг
KMH,Куруман
KMI,Миядзаки
KMJ,Кумамото
KMK,Макабана
KMM,Кимам
KMN,Камина
KMP,Китмансхуп
KMQ,Коматсу
KMR,Каримуи
KMS,Кумаси
KMT,Кампот
KMU,Кисмайо
KMV,Калемьо
KMW,Кострома
KNA,Винья-дель-Мар
KNB,Канаб
KND,Кинду
KNE,Канайндж
KNG,Каймана
KNH,Кинмень
KNJ,Киндамба
KNM,Каниама
KNN,Канкан
KNQ,Коне
KNR,Канган
KNS,Кинг-Айленд
KNU,Канпур
KNX,Кунунурра
KNZ,Кеньеба
KOB,Кутаба
KOC,Кумак
KOD,Котабангун
KOG,Кхонг
KOJ,Кагошима
KOL,Кумала
KOM,Комо-Манда
KON,Контум
KOO,Конголо
KOP,Накхон Патхом
KOR,Кокоро
KOU,Куламуту
KOV,Кокшетау
KOW,Ганьчжоу
KOX,Коконао
KPA,Копьяго
KPE,Япсией
KPG,Курупунг
KPM,Компиам
KPO,Пхохан
KQA,Акутан
KQL,Кол
KRF,Крамфорс
KRG,Карасабаи
KRI,Кикори
KRJ,Каравари
KRK,Краков
KRL,Корла
KRM,Каранамбо
KRN,Кируна
KRO,Курган
KRP,Каруп
KRQ,Краматорск
KRR,Краснодар
KRS,Кристиансенд
KRT,Хартум
KRV,Керио-Валлей
KRX,Кар-Кар
KRY,Карамай
KRZ,Кири
KSB,Касаномбе
KSC,Косице
KSD,Карлстад
KSE,Касесе
KSF,Кассел
KSG,Кисенгам
KSH,Керманшах
KSI,Киссидугу
KSK,Карлскуга
KSL,Кассала
KSN,Костанай
KSO,Кастория
KSP,Косипе
KSQ,Карши
KSS,Сикассо
KST,Кости
KSU,Кистиансанд
KSW,Кирьят-Шемона
KSX,Ясуру
KSY,Карс
KSZ,Котлас
KTA,Каррата
KTE,Кертех
KTF,Такака
KTI,Кратье
KTK,Кануа
KTL,Китале
KTM,Катманду
KTO,Като
KTP,Кингстоун
KTR,Кэтрин
KTT,Киттила
KTU,Мота
KTW,Катовице
KTX,Кутиала
KUA,Куантан
KUC,Куриа
KUE,Кукунди
KUF,Самара
KUG,Кубин-Айленд
KUH,Куширо
KUI,Кавау-Айленд
KUJ,Кушимото
KUL,Куала-Лумпур
KUN,Каунас
KUO,Куопио
KUP,Купиано
KUQ,Кури
KUT,Кутаиси
KUY,"Кугурурок-Ривер, шт. Аляска"
KVA,Кавала
KVB,Сковде
KVD,Гянджа
KVE,Китава
KVG,Кавьенг
KVK,Кировск
KVU,Королеву
KVX,Киров
KWD,Каваджиа
KWE,Гуйянг
KWG,Кривой Рог
KWH,Хвахан
KWJ,Гванджу
KWL,Гуйлинь
KWO,Кавито
KWR,Квай-Харбор
KWU,Мансьон-Хаус
KWV,Курвина
KWX,Киваи-Айленд
KWY,Кивайю
KWZ,Колвези
KXE,Клерксдорп
KXK,Комсомольск на Амуре
KXR,Карула
KYA,Конья
KYD,Орхид-Айленд
KYE,Триполи
KYL,Ки Ларго
KYN,Милтон-Кейнес
KYO,Тампа
KYP,Кьяукпью
KYS,Кайес
KYT,Кьяуктау
KYX,Ялумет
KYZ,Кызыл
KZD,Кракор
KZF,Каинтиба
KZI,Козани
KZN,Казань
KZO,Кзыл-Орда
KZS,Кастелоризо
LAB,Лаблаб
LAG,Ла-Гуайра
LAH,Лабуха
LAI,Ланнион
LAN,Лансинг
LAO,Лаоак
LAP,Ла Пас
LAQ,Бейда
LAS,Лас Вегас
LAV,Лаломалава
LAY,Ледисмит
LBE,Латроуб
LBG,Париж
LBH,Сидней
LBI,Альби
LBJ,Лабуан-Баджо
LBK,Либой
LBM,Луабо
LBN,Лейк-Баринго
LBO,Лусамбо
LBQ,Ламбарене
LBS,Лабаса
LBV,Либревилль
LBY,Сен Назер
LCA,Ларнака
LCC,Лечче
LCD,Луи-Тришар
LCF,Рио Дульче
LCG,Ла Коруна
LCJ,Лодзь
LCL,Ла-Колома
LCR,Ла-Хоррера
LCS,Лас-Канас
LCV,Лучча
LCY,Лондон
LDA,Малда
LDB,Лондрина
LDG,Лешуконское
LDI,Линди
LDK,Лидкопинг
LDN,Ламиданда
LDO,Ладуанье
LDR,Лодар
LEC,Ленкуа
LED,Санкт-Петербург
LEF,Лебакенг
LEG,Алег
LEH,Ле Хавре
LEI,Алмерия
LEK,Лабе
LEN,Леон
LEO,Лекони
LES,Лесобенг
LEV,Бюрета
LEY,Лелистад
LFR,Ла-Фриа
LGA,Нью-Йорк
LGG,Льеж
LGI,Лонг Айленд
LGK,Лангкави
LGL,Лонг-Лелланг
LGM,Лаягам
LGN,Линга-Линга
LGO,Лангеоог
LGQ,Лаго-Агрио
LGR,Кочране
LGS,Маларкуэ
LGT,Лас-Гавиотас
LGW,Лондон
LGX,Лю-Ганан
LGY,Лагуниллас
LGZ,Легизамо
LHA,Лар
LHE,Лахор
LHI,Лерех
LHN,Лишань
LHP,Леху
LHR,Лондон
LHS,Лас-Херас
LHW,Ланчжоу
LIC,Лимон
LID,Лейден
LIE,Либенж
LIG,Лимож
LII,Мулиа
LIJ,Лонг Айленд
LIL,Лилль
LIM,Лима
LIN,Милан
LIO,Лимон
LIQ,Лисала
LIR,Либерия
LIS,Лиссабон
LIW,Лойкау
LIX,Ликома-Айленд
LJA,Лоджа
LJG,город Лицзян
LJU,Любляна
LKA,Ларантука
LKB,Лакеба
LKC,Лекана
LKD,Лейклэнд-Даунз
LKN,Лекнес
LKO,Лакнау
LKP,Лейк Плесид
LKU,Лейк-Рудольф
LKY,Лейк-Маньяра
LKZ,Брэндон
LLA,Лули
LLE,Малелейн
LLH,Лас-Лимас
LLM,Лонг-Лама
LLN,Келила
LLP,Линда-Даунз
LLS,Лас-Ломитас
LMB,Салима
LMD,Лос-Менукос
LME,Ле Манс
LMG,Ламасса
LMH,Лимон
LMI,Луми
LML,Лей-Айленд
LMM,Лос-Мошис
LMQ,Марса-Брега
LMR,Лайм-Акрес
LMT,Кламмат Фоллз
LMY,Лейк-Мюррей
LMZ,Палма
LNA,Уест Палм Бич
LNB,Ламен-Бей
LNC,Ленгбати
LNF,Мунбил
LNG,Лесе
LNM,Лангимар
LNQ,Лоани
LNX,Смоленск
LNZ,Линц
LOA,Лотарингия
LOD,Лонгана
LOE,Лоэй
LOF,Лоун
LOK,Лодвар
LOM,Лагос-де-Морено
LOS,Лагос
LOV,Монклова
LOZ,Лондон
LPB,Ла Пас
LPD,Ла-Педрера
LPE,Ла-Примавера
LPH,Лохгилпхед
LPI,Линкопинг
LPJ,Пихигуаос
LPK,Липецк
LPL,Ливерпуль
LPM,Ламап
LPP,Лаппенранта
LPQ,Луанг Прабанг
LPT,Лампанг
LPU,Лонг-Апунг
LPX,Лиепая
LPY,Ле-Пуй
LRA,Лариса
LRB,Лерибе
LRC,Лаарбух
LRD,Ларедо
LRG,Лора-Лаи
LRH,Ла Рошель
LRI,Лорика
LRM,Ла-Романа
LRN,Мозес Лейк
LRS,Лерос
LRT,Лориент
LRV,Лос-Рокес
LSA,Лосуя
LSC,Ла Серена
LSH,Лашио
LSJ,Лонг Айленд
LSL,Лос-Чилес
LSO,Лес-Саблес
LSP,Лас-Пьедрас
LSQ,Лос Анджелес
LST,Лончестон
LSU,Лонг-Суканг
LSX,Лхок-Сукон
LTA,Цанин
LTB,Латроуб
LTC,Лей
LTD,Гадамес
LTF,Лейтре
LTG,Лангтанг
LTI,Алтай
LTK,Латакия
LTL,Ластурвилль
LTM,Летем
LTO,Лорето
LTP,Линдхерст
LTR,Леттеркенни
LUA,Лукла
LUB,Лумид-Пау
LUD,Людериц
LUE,Лученец
LUF,Феникс
LUH,Лудхиана
LUI,Ла-Унион
LUJ,Лусикисики
LUM,Луси
LUQ,Сан-Луис
LUS,Лусанга
LUW,Лувук
LUX,Люксембург
LVA,Лаваль
LVI,Ливингстоун
LVM,Ливингстон
LVS,Лас Вегас
LWE,Леволеба
LWI,Ловай
LWO,Львов
LWR,Лиуварден
LXG,Луанг-Намтха
LXR,Луксор
LXU,Лукулу
LYA,Люян
LYC,Ликселе
LYG,Лианьюнан
LYH,Линчбург
LYK,Луньюк
LYN,Лион
LYP,Фейсалабад
LYR,Лонгербьен
LYS,Лион
LZA,Луиза
LZC,Лацаро-Карденас
LZD,Ланчжоу
LZH,Лучжоу
LZI,Луози
LZO,Лужчоу
LZR,Лизард Айленд
MAC,Макон
MAD,Мадрид
MAF,Мидленд
MAG,Маданг
MAI,Мангочи
MAK,Малакал
MAL,Манголе
MAM,Матаморос
MAN,Манчестер
MAO,Манаус
MAP,Мамаи
MAQ,Мае Сот
MAR,Маракайбо
MAT,Матади
MAX,Матам
MAY,Менгров-Кэй
MBA,Момбаса
MBC,Мбигу
MBE,Монбецу
MBI,Мбея
MBJ,Монтего Бей
MBK,Матупа
MBM,Мкамбати
MBO,Мамбурао
MBP,Мойобамба
MBQ,Мбарара
MBR,Мбаут
MBT,Масбате
MBU,Мбамбанакира
MBV,Маса
MBX,Марибор
MCA,Масента
MCC,Сакраменто
MCE,Мерсед
MCF,Тампа
MCH,Мачала
MCI,Канзас Сити
MCJ,Маикао
MCM,Монте-Карло
MCN,Макон
MCQ,Мискольц
MCT,Мускат
MCU,Монлукон
MCX,Махачкала
MCZ,Масейо
MDB,Мелинда
MDC,Манадо
MDD,Мидленд
MDE,Меделлин
MDG,Муданьцзян
MDI,Макурди
MDK,Мбандака
MDL,Мандалай
MDM,Мундуку
MDP,Миндиптана
MDS,Миддл-Кайкос
MDU,Менди
MDV,Медунеу
MDW,Чикаго
MDX,Мерседес
MDZ,Мендоса
MEB,Мельбурн
MEF,Мелфи
MEH,Мехамн
MEI,Меридиан
MEK,Мекнес
MEL,Мельбурн
MEM,Мемфис
MEN,Менде
MEP,Мерсинг
MEQ,Меулабох
MES,Медан
MEU,Монте-Дурадо
MEW,Мвека
MEX,Мексико Сити
MEY,Мегхаули
MEZ,Мессина
MFB,Монфорт
MFC,Мафетенг
MFF,Моанда
MFG,Музаффарабад
MFJ,Моала
MFM,Макао
MFN,Милфорд Саунд
MFQ,Маради
MFS,Мирафлорес
MFT,Мачу-Пиччу
MFU,Мфуве
MFX,Мерибел
MGD,Магдалена
MGH,Маргейт
MGP,Манга
MGQ,Могадишо
MGU,Манаунг
MGX,Моаби
MHA,Мадиа
MHB,Окленд
MHD,Машад
MHE,Митчелл
MHF,Морихал
MHG,Маннхайм
MHI,Муша
MHL,Маршалл
MHP,Минск
MHQ,Мариехамн
MHX,Манихики-Айленд
MHY,Морехед
MHZ,Милденхолл
MIA,Майами
MIC,Миннеаполис
MID,Мериба
MIH,Митчелл-Плато
MIK,Миккели
MIM,Меримбула
MIO,Майами
MIR,Монастир
MIU,Майдугури
MIX,Мирити
MJA,Мандза
MJE,Меджкин
MJF,Мосьоэн
MJH,Маджма
MJJ,Моки
MJK,Монки Миа
MJL,Муила
MJQ,Джексон
MJR,Мирамар
MJU,Мамую
MJV,Мурсия
MJY,Мангунджая
MJZ,Мирный
MKA,Марианские Лазнe
MKB,Мекамбо
MKC,Канзас Сити
MKE,Милуоки
MKH,Мохотлонг
MKJ,Макуа
MKL,Джексон
MKN,Малеколон
MKP,Макемо
MKU,Макоку
MKW,Маноквари
MKX,Мукалла
MKY,Маккей
MKZ,Малакка
MLB,Мельбурн
MLE,Мале
MLF,Милфорд
MLG,Маланг
MLK,Мальта
MLL,Маршалл
MLM,Морелия
MLN,Мелилья
MLO,Милос
MLP,Малабанг
MLQ,Малалауа
MLU,Монро
MLX,Малатия
MLZ,Мело
MMB,Меманбецу
MMC,Сиудад-Манте
MMF,Мамфе
MMH,Маммот Лейкс
MMI,Афины
MMJ,Матсумото
MMK,Мурманск
MML,Маршалл
MMR,Остин
MMT,Колумбия
MMW,Мома
MMX,Малмо
MMZ,Меймене
MNA,Меланггуане
MNB,Моанда
MNC,Накала
MNF,Остров Мана
MNH,Миннерия
MNJ,Манандзари
MNK,Миайана
MNO,Маноно
MNP,Марон
MNR,Монгу
MNS,Манса
MNV,Маунтейн-Веллей
MNY,Моно
MNZ,Манассас
MOA,Моа
MOB,Алабама
MOE,Момейк
MOF,Маумере
MOH,Моханбари
MOL,Молде
MOM,Мауджерия
MON,Маунт Кук
MOO,Мумба
MOP,Маунт-Плезант
MOQ,Морондава
MOY,Монтеррей
MPA,Мпача
MPB,Майами
MPD,Мирпур-Хас
MPF,Мапода
MPG,Макини
MPI,Мамитупо
MPK,Мокпо
MPL,Монпейе
MPM,Мапуту
MPN,Маунт-Плезант
MPQ,Маан
MPS,Маунт-Плезант
MPT,Малиана
MPU,Мапуа
MPW,Мариуполь
MPX,Миянмин
MPY,Марипасула
MQC,Микелон
MQD,Макинчао
MQF,Магнитогорск
MQH,Минаку
MQI,Куинси
MQJ,Балыкесир
MQL,Мильдура
MQM,Мардин
MQP,Нельспрут
MQQ,Мунду
MQR,Москера
MQS,Мистик-Айленд
MQU,Марикита
MQX,Макале
MQZ,Маргарет Ривер
MRA,Мисурата
MRC,Колумбия
MRD,Мериба
MRE,Мара-Лоджес
MRH,Мей-Ривер
MRI,Анкораж
MRJ,Маркала
MRK,Марко Айленд
MRL,Майнерз-Лейк
MRM,Манаре
MRO,Мастертон
MRQ,Мариндюк
MRS,Марсель
MRV,Минеральные Воды
MRY,Монтерей
MRZ,Мори
MSC,Меса
MSG,Матсайле
MSH,Масирах
MSI,Масалембо
MSJ,Мисава
MSK,Мастик-Пойнт
MSL,Шеффилд
MSM,Маси-Манимба
MSP,Миннеаполис
MSQ,Минск
MSR,Муш
MST,Маастрихт
MSW,Массава
MTA,Матамата
MTB,Монте-Либано
MTF,Мизан-Тефери
MTH,Марафон
MTI,Мостейрос
MTL,Мейтленд
MTN,Балтимор
MTQ,Митчелл
MTR,Монтериа
MTT,Минатитлан
MTU,Монтепуэс
MTV,Мота-Лава
MTY,Монтеррей
MTZ,Масада
MUB,Мон
MUC,Мюнхен
MUF,Мутинг
MUG,Мулеж
MUJ,Муи
MUM,Мумиас
MUN,Матурин
MUV,Филадельфия
MUW,Маскара
MUX,Мултан
MUY,Муйондзи
MUZ,Мусома
MVA,Миватн
MVD,Монтевидео
MVG,Меван
MVI,Манетай
MVJ,Мандевилль
MVL,Стоув
MVO,Монго
MVP,Миту
MVQ,Могилев
MVT,Матайва
MVV,Межев
MVX,Минвул
MVZ,Масвинго
MWC,Милуоки
MWD,Мьанвали
MWE,Мерове
MWF,Мево
MWG,Маравака
MWH,Мозес Лейк
MWI,Марамуни
MWJ,Маттьюс-Ридж
MWK,Матак
MWN,Мвадуй
MWP,Маунтин
MWQ,Магуэ
MWU,Муссау
MWZ,Мванза
MXB,Масамба
MXG,Марлборо
MXI,Мати
MXJ,Минна
MXK,Миндик
MXM,Моромбе
MXP,Милан
MXQ,Митчелл-Ривер
MXR,Миргород
MXT,Майнтирано
MXX,Мора
MXZ,Мейсян
MYB,Маюмба
MYC,Маракай
MYD,Малинди
MYE,Мияке-Жима
MYF,Сан Диего
MYJ,Мацуяма
MYM,Манки-Маунтин
MYN,Мариб
MYO,Майруда
MYQ,Майсор
MYR,Миртл Бич
MYS,Мояль
MYT,Мьиткьина
MYW,Мтвара
MYX,Меньямья
MYY,Мири
MZA,Музаффарнагар
MZC,Мицик
MZD,Мендес
MZE,Манати
MZG,Макунг
MZH,Мерзифон
MZK,Маракеи
MZL,Манисалес
MZM,Мец
MZN,Миндж
MZO,Манзанилло
MZP,Мотуэка
MZQ,Мкуз
MZS,Мостин
MZT,Мазатлан
MZU,Музаффарпур
MZX,Мена
MZY,Залив Моссел
NAB,Олбани
NAD,Маканал
NAE,Натитингу
NAF,Банаина
NAG,Нагпур
NAI,Аннаи
NAJ,Нахичевань
NAK,Натхон Ратчасима
NAL,Нальчик
NAM,Намлеа
NAN,Фиджи-Нади
NAO,Наньчон
NAR,Наре
NAT,Наталь
NAV,Невсехир
NAW,Наративат
NAY,Пекин
NBB,Барранкоминас
NBC,Набережные Челны
NBG,Новый Орлеан
NBH,Намбука Хэдс
NBL,Сан-Блас
NBO,Найроби
NBP,Нью-Йорк
NBW,Гуантанамо
NBX,Набире
NCA,Норт-Кайкос
NCH,Начингвеа
NCI,Некокли
NCL,Ньюкасл
NCR,Сан Карлос
NCS,Ньюкасл
NCT,Никоя
NCU,Нукус
NCY,Аннеси
NDA,Банданаира
NDB,Нуакдибу
NDC,Нандед
NDD,Сумбе
NDE,Мандера
NDG,Цицихар
NDI,Намиди
NDL,Нделе
NDM,Менди
NDR,Надор
NDU,Рунду
NEC,Некочеа
NEF,Нефтекамск
NEG,Негрил
NER,Нерюнгри
NES,Нью-Йорк
NEW,Новый Орлеан
NFG,Нефтеюганск
NGB,Нинбо
NGD,Анегада
NGM,Агана
NGN,Наргана
NGP,Корпус Кристи
NGS,Нагасаки
NGW,Корпус Кристи
NGX,Мананг
NHA,Нха Транг
NHF,Нью-Халфа
NHS,Нушки
NIA,Нимба
NIC,Никозия
NIG,Никунау
NIK,Ниоколо-Коба
NIM,Ниамей
NIO,Ниоки
NIT,Ниорт
NIX,Ниоро
NJA,Ацуги
NJC,Нижневартовск
NKA,Нкан
NKC,Нуакшот
NKL,Нколо
NKM,Нагойя
NKN,Нанкина
NKU,Нкаус
NKX,Сан Диего
NKY,Нкайи
NLK,Норфолк Айленд
NLP,Нельспрут
NLV,Николаев
NMA,Наманган
NMB,Даман
NMG,Сан-Мигель
NMS,Намсанг
NMT,Намту
NMU,Наму
NNA,Кенитра
NNB,Санта-Ана
NND,Нангаде
NNG,Наньнин
NNI,Намутони
NNM,Нарьян-Мар
NNT,Нан
NNX,Нунукан
NNY,Наньян
NOB,Носара-Бич
NOC,Нок
NOD,Норден
NOE,Норддайх
NOG,Ногалес
NOH,Чикаго
NOI,Новороссийск
NOJ,Ноябрьск
NOK,Нова-Шавантина
NOM,Номад-Ривер
NOO,Наоро
NOR,Нордфьордур
NOZ,Новокузнецк
NPE,Напье-Хастингс
NPG,Нипа
NPL,Нью-Плимут
NPO,Нангапинох
NQN,Неукен
NQU,Нуки
NQX,Ки Уэст
NRD,Нордерней
NRK,Ноггкопинг
NRM,Нара
NRN,Дюссельдорф
NRT,Токио
NRV,Гуам
NSA,Нуса
NSI,Яунде
NSN,Нельсон
NSP,Сангли-Пойнт
NST,Након-Си-Таммарат
NSY,Токат
NTA,Натадола
NTB,Нутодден
NTC,Санта-Каролина
NTE,Нант
NTG,Наньтун
NTI,Бинтуни
NTL,Ньюкасл
NTO,Санто-Антао
NTR,Тухтла-Гутьеррес
NTT,Ниуатопутапу
NTX,Натуна-Ранай
NTY,Сан Сити
NUD,Эн-Нахуд
NUG,Нугуриа
NUH,Нунчиа
NUS,Норсуп
NUT,Нутуве
NUU,Накуру
NUX,Новый Уренгой
NVA,Нейва
NVG,Нуэва-Гуинея
NVI,Навой
NVK,Нарвик
NVR,Новгород
NVS,Неверс
NVT,Навегантес
NVY,Нейвели
NWA,Моэли
NWI,Норвич
NWS,Нью-Йорк
NWT,Новата
NYE,Ньери
NYI,Суньяни
NYK,Нануки
NYM,Надым
NYO,Стокгольм
NZO,Нзоя
NZY,Сан Диего
OAG,Орандж
OAM,Оамару
OAN,Оланчито
OAX,Оксака
OBA,Обан
OBC,Обок
OBD,Обано
OBI,Обидос
OBM,Моропе
OBN,Обан
OBO,Обихиро
OBS,Обенас
OBX,Обо
OCC,Кока
OCF,Окала
OCJ,Очо Риос
OCN,Оушнсайд
OCV,Окана
ODA,Уадда
ODB,Кордова
ODE,Оденсе
ODJ,Уанда-Джалле
ODS,Одесса
ODY,Удомхей
OEA,Винсенн
OEC,Окусси
OEL,Орел
OEM,Паломеу
OER,Орнсколдсвик
OFJ,Олаффьордур
OGD,Огден
OGE,Огерананг
OGL,Огле
OGN,Йонагуни-Жима
OGR,Бонгор
OGX,Уаргла
OGZ,Владикавказ
OHD,Охрид
OHI,Ошакати
OHO,Охотск
OHP,Обан
OHT,Кохат
OIC,Норвич
OIR,Окусири
OIT,Оита
OJC,Канзас Сити
OKA,Окинава
OKB,Орхид-Бич
OKC,Оклахома Сити
OKD,Саппоро
OKE,Окино-Эрабу
OKF,Окаукуйэхо
OKG,Окойо
OKI,Оки-Айленд
OKJ,Окаяма
OKL,Оксибил
OKN,Оконджа
OKO,Токио
OKP,Оксапмин
OKQ,Окаба
OKT,Октябрьский
OLA,Орланд
OLI,Олафсвик
OLJ,Олпой
OLM,Олимпия
OLO,Оломоуц
OLQ,Олсобип
OLS,Ногалес
OMA,Омаха
OMB,Омбуэ
OMC,Ормок
OMD,Ораньемунд
OMG,Омега
OMH,Урмиех
OMJ,Омура
OML,Омкалай
OMM,Мармул
OMN,Османабад
OMO,Мостар
OMR,Орадя
OMS,Омск
ONB,Ононге
OND,Ондангва
ONI,Моанамани
ONQ,Зонгулдаг
ONU,Оно-И-Лау
ONX,Колон
OOM,Коома
OOT,Онотоа
OPA,Копаскер
OPB,Опен-Бей
OPF,Майами
OPO,Порто
OPS,Синоп
OPU,Балимо
OPW,Опува
ORA,Оран
ORB,Оребро
ORC,Ороке
ORE,Орлеан
ORJ,Ориндук
ORK,Корк
ORL,Орландо
ORN,Оран
ORO,Йоро
ORP,Орапа
ORU,Оруро
ORW,Ормара
ORY,Париж
ORZ,Ориндж-Уолк
OSD,Остерсанд
OSE,Омора
OSI,Осиек
OSK,Оскархамн
OSL,Осло
OSM,Мосул
OSP,Слупск
OSR,Острава
OSS,Ош
OSW,Орск
OSY,Намсус
OSZ,Кошалин
OTC,Бол
OTD,Контадора
OTJ,Отьиваронго
OTL,Бутилимит
OTP,Бухарест
OTR,Кото-47
OTU,Оту
OTY,Ориа
OUA,Уагадугу
OUD,Уджда
OUE,Уэссо
OUG,Уахигоуя
OUH,Оудсхорн
OUL,Оулу
OUR,Батури
OUT,Буссо
OUZ,Зурате
OVA,Бекили
OVB,Новосибирск
OVL,Овайе
OWE,Овендо
OXF,Оксфорд
OXR,Вентура
OYA,Гоя
OYE,Оем
OYG,Мойо
OYL,Мояль
OYO,Трес-Арройос
OZC,Озамис-Сити
OZH,Запорожье
OZZ,Уазазат
PAB,Биласпур
PAC,Панама Сити
PAE,Эверетт
PAF,Пакуба
PAG,Пагадиан
PAI,Пайлинь
PAJ,Пара-Чинар
PAL,Паланкеро
PAM,Панама Сити
PAN,Паттани
PAO,Пало Альто
PAS,Парос
PAT,Патна
PAU,Паук
PAW,Памбва
PAZ,Поса-Рика
PBD,Порбандар
PBE,Пуэрто-Беррио
PBH,Паро
PBI,Уест Палм Бич
PBJ,Паама
PBN,Порту-Амбоим
PBR,Пуэрто Барриос
PBS,Патонг-Бич
PBU,Путао
PBW,Палибело
PBZ,Плеттенберг-Бей
PCB,Джакарта
PCC,Пуэрто Рико
PCG,Пасо-Кабаллос
PCH,Палачос
PCL,Пукальпа
PCN,Пиктон
PCO,Пунта-Колораде
PCR,Пуэрто-Каррено
PCV,Пунта-Шивато
PDA,Пуэрто-Инирида
PDC,Муэо
PDF,Прадо
PDG,Паданг
PDI,Пиндиу
PDO,Пендопо
PDR,Президенти-Дутра
PDS,Пьедрас-Неграс
PDU,Пайсанду
PDV,Пловдив
PDZ,Педерналес
PEB,Пебане
PED,Пардубицы
PEE,Пермь
PEG,Перужия
PEK,Пекин
PEL,Пеланенг
PEM,Пуэрто Мальдонадо
PEN,Пенанг
PER,Перт
PES,Петрозаводск
PEW,Пешавар
PEX,Печора
PEZ,Пенза
PFJ,Патрексфьордур
PFN,Панама Сити
PFO,Пафос
PFR,Илебо
PGA,Паг
PGB,Пангоа
PGC,Петерсбург
PGD,Пунта-Горда
PGE,Егепа
PGF,Перпиньян
PGG,Сао Паоло
PGH,Пантнагар
PGK,Пангкалпинанг
PGN,Пангиа
PGO,Пагоса Спрингз
PGP,Порто Алегре
PGX,Периге
PHA,Пхань-Ранг
PHH,Пхань-Тхиет
PHL,Филадельфия
PHM,Беблинген
PHS,Пхитсанусок
PHT,Париж
PHU,Пху-Винх
PHW,Фалаборва
PHX,Феникс
PHY,Пхетчабун
PHZ,Остров Пхи Пхи
PIC,Пайн-Кей
PIE,Клируотер
PIG,Питинга
PIL,Пилар
PIO,Писко
PIQ,Пипиллипаи
PIS,Пуатье
PIU,Пиуро
PJC,Педро-Хуан-Кабальеро
PJG,Панджгур
PJM,Пуэрто-Хименес
PJZ,Пуэрто-Хуарес
PKB,Паркерсбург
PKC,Петропавловск-Камчатский
PKE,Паркес
PKJ,Плайа Гранде
PKK,Пакокку
PKL,Пакатоа-Айленд
PKM,Порт-Каитума
PKN,Пангкаланбуун
PKO,Параку
PKR,Покхара
PKS,Паксан
PKU,Пеканбару
PKV,Псков
PKZ,Паксе
PLA,Планадас
PLC,Планета-Рико
PLD,Плайя Самара
PLE,Пайела
PLF,Пала
PLG,Ла-Планье
PLI,Пам-Айленд
PLM,Палембанг
PLP,Ля Пальма
PLT,Плато
PLU,Бело Хоризонте
PLV,Полтава
PLX,Семипалатинск
PLZ,Порт Элизабет
PMC,Пуэрто Монт
PME,Портсмут
PMF,Парма
PMH,Портсмут
PMK,Пам-Айленд
PMM,Пханом-Саракхам
PMN,Пумани
PMO,Палермо
PMP,Пимага
PMQ,Перито-Морено
PMR,Палмерстон Норт
PMS,Пальмира
PMZ,Палмар
PNA,Памплона
PND,Пунта-Горда
PNE,Филадельфия
PNH,Пном Пен
PNI,Понпеи
PNK,Понтианак
PNP,Попондетта
PNQ,Пуне
PNR,Пуэнт-Нуар
PNT,Пуэрто Наталес
PNY,Пондичерри
POA,Порто Алегре
POD,Подор
POG,Порт-Гентил
POI,Потоси
POM,Порт-Морсби
PON,Поптун
POP,Пуэрто Плата
POR,Пори
POT,Порт-Антонио
POW,Порторос
POX,Париж
POZ,Познан
PPE,Пуэрто-Пенаско
PPK,Петропавловск
PPL,Пхалпу
PPN,Попайан
PPO,Пауэлл-Пойнт
PPQ,Парапарауму
PPR,Пасир-Пангараян
PPU,Папун
PPW,Папа-Вестрей
PPZ,Пуэрто-Пец
PQC,Пху-Квок
PQM,Паленке
PQQ,Порт Макгуайр
PRE,Поре
PRG,Прага
PRH,Пхраэ
PRI,Праслин-Айленд
PRJ,Капри
PRM,Портиман
PRP,Проприано
PRR,Парума
PRS,Параси
PRU,Проме
PRV,Пршеров
PRX,Париж
PRY,Претория
PSA,Пиза
PSD,Порт-Саид
PSI,Пасни
PSJ,Посо
PSK,Дублин
PSL,Перт
PSO,Пасто
PSP,Палм Спрингс
PSQ,Филадельфия
PSR,Пескара
PSS,Посадас
PST,Престон
PSW,Пассос
PSX,Палачос
PTB,Петерсбург
PTE,Порт Стефенс
PTF,Малололайлай
PTI,Порт Дуглас
PTJ,Портланд
PTL,Порт Армстронг
PTM,Палмарито
PTX,Питалито
PTY,Панама Сити
PTZ,Пастаца
PUA,Пуас
PUD,Пуэрто-Десеадо
PUE,Пуэрто-Обалдиа
PUF,По
PUG,Порт Огаста
PUH,Пошутла
PUN,Пуниа
PUP,По
PUQ,Пунта Аренас
PUR,Пуэрто Рико
PUT,Путтапартхи
PUU,Пуэрто-Асис
PUX,Пуэрто Варас
PUY,Пула
PUZ,Пуэрто-Кабесас
PVA,Провиденсиа
PVD,Провиденс
PVE,Эль-Порвенир
PVG,Шанхай
PVK,Превеза-Лефка
PVN,Плевен
PVO,Портовьехо
PVR,Пуэрто Ваярта
PVS,Бухта Провидения
PVX,Бухта Провидения
PWA,Оклахома Сити
PWE,Певек
PWK,Чикаго
PWM,Портланд
PWN,Питтс-Таун
PWO,Пуэто
PWQ,Павлодар
PXM,Пуэрто Эскондидо
PXO,Порто Санто
PXR,Сурин
PXU,Плейку
PYA,Пуэрто-Бояка
PYB,Джейпор
PYC,Плейкон-Чико
PYE,Пенрин-Айленд
PYH,Пуэрто-Аякучо
PYJ,Полярный
PYN,Пайан
PYO,Путумайо
PYR,Пиргос
PYV,Явиза
PYX,Паттайя
PZB,Питермарицбург
PZH,Зхоб
PZO,Пуэрто Ордас
PZU,Порт-Судан
PZY,Пиестани
QDU,Дюссельдорф
QFQ,Мелой
QGV,Франкфурт-на-Майне
QLX,Лаутерах
QMM,Марина Ди Масса
QNY,Нью-Йорк
QPG,Сингапур
QQW,Лондон
QRA,Йоханнесбург
QRO,Керетаро
QSG,Сондерборг
QUF,Таллинн
QWG,Шарлотт
QYW,Канны
RAA,Раканда
RAB,Рабаул
RAC,Рацине
RAE,Арар
RAH,Рафха
RAJ,Раджкот
RAK,Марракеш
RAN,Равенна
RAP,Рапид Сити
RAQ,Раха
RAS,Рашт
RAT,Радужный
RAU,Рангпур
RAV,Краво-Норте
RAW,Арава
RAX,Орам
RAY,Ротсей
RAZ,Равала-Кот
RBA,Рабат
RBB,Борба
RBD,Даллас
RBG,Розбург
RBI,Раби
RBJ,Ребун
RBK,Ранчо
RBO,Роборе
RBP,Рабараба
RBQ,Рурренабак
RBT,Марсабит
RBV,Рамата
RCA,Рапид Сити
RCB,Ричардс-Бей
RCH,Риохача
RCL,Редклифф
RCM,Ричмонд
RCO,Рошфор
RCQ,Реконкиста
RCR,Рочестер
RCS,Рочестер
RCY,Рум-Кэй
RDC,Реденкао
RDE,Мердей
RDR,Ред Ривер (Красная река)
RDT,Ричард-Толл
RDZ,Родез
REC,Ресифе
REG,Редджио-Калабрия
REH,Рехобот Бич
REI,Регина
REL,Трелью
REN,Оренбург
REO,Рим
REP,Сием Рип
RES,Ресистенсия
REU,Реус
REW,Рева
REY,Рейес
RFA,Рафаи
RFD,Рокфорд
RFN,Рауфархофн
RFR,Рио-Фрио
RGA,Рио-Гранде
RGE,Поргера
RGH,Балургат
RGL,Рио-Гальегос
RGN,Яньгунь
RGT,Ренгат
RHA,Рейкхолар
RHD,Рио Хондо
RHE,Реймс
RHG,Руэнгери
RHL,Рой-Хилл
RHN,Рош Пина
RHO,Родос
RHP,Рамечхап
RHV,Сан-Хосе
RIB,Риберальта
RIG,Рио-Гранде
RIJ,Риоха
RIK,Каррилльо
RIN,Ринги-Коув
RIS,Рисири
RIT,Рио-Тигре
RIX,Рига
RIZ,Рио-Альцукар
RJA,Раджахмандри
RJB,Раджбирадж
RJI,Раджури
RJK,Риека
RJL,Логроно
RKC,Ирека
RKE,Копенгаген
RKI,Рокот
RKO,Сипора
RKS,Рок Спрингс
RKT,Рас-аль-Хайма
RKU,Юл-Айленд
RKV,Рейкьявик
RLT,Арлит
RMB,Бурайми
RMC,Рокфорд
RMD,Рамагундам
RMG,Рим
RMI,Римини
RMN,Румгиней
RMQ,Тайчунг
RMS,Рамштайн
RNA,Арона
RNB,Роннеби
RND,Сен Антонио
RNE,Руан
RNI,Корн-Айленд
RNR,Робинзон-Ривер
RNS,Ренн
RNU,Ранау
ROI,Рой Ет
ROK,Рокхэмптон
RON,Рондон
ROP,Рота
ROS,Росарио
ROT,Роторуа
ROV,Ростов
ROY,Рио-Майо
RPA,Ролпа
RPB,Ропер-Бэй
RPN,Рош Пина
RPR,Райпур
RRA,Ронда
RRI,Барора
RRK,Руркела
RRM,Марромеу
RRO,Неаполь
RRS,Ророс
RRV,Робинзон-Ривер
RSA,Санта-Роса
RSE,Сидней
RSG,Серра-Пелада
RSI,Рио-Сидра
RSJ,Росарио
RSK,Рансики
RSL,Расселл
RSS,Росейрес
RST,Рочестер
RSW,Форт Майерс
RTB,Роатан
RTC,Ратнагири
RTG,Рутенг
RTI,Роти
RTM,Роттердам
RTP,Рутланд-Плейнз
RTS,остров Роттнест
RTW,Саратов
RUA,Аруа
RUG,Руган
RUH,Халлсберг
RUK,Рукумкот
RUP,Рупси
RUT,Рутленд
RUV,Рубелсанто
RUY,Копан
RVA,Фарафангана
RVD,Риу-Верди
RVE,Саравена
RVH,Санкт-Петербург
RVN,Рованиеми
RVO,Рейвило
RVR,Грин-Ривер
RVS,Тулса
RVY,Ривера
RWN,Ровно
RXA,Рауда
RXS,Рохас Сити
RYB,Рыбинск
RYK,Рахим-Яр-Хан
RYN,Ройан
RYO,Рио-Турбио
RZA,Санта-Круз-Айленд
RZE,Жешув
RZN,Рязань
RZR,Рамсар
SAC,Сакраменто
SAE,Сангир
SAF,Санта Фе
SAJ,Сираджгандж
SAK,Саударкрокур
SAL,Сан-Сальвадор
SAM,Саламо
SAN,Сан Диего
SAR,Спарта
SAT,Сен Антонио
SAU,Саву
SAV,Саванна
SAW,Стамбул
SAX,Самбу
SAY,Сиенна
SAZ,Сасстаун
SBA,Санта-Барбара-Ба
SBD,Сан Бернардино
SBF,Сардех-Банд
SBI,Кундара
SBL,Санта-Ана
SBP,Сан Луис Обиспо
SBQ,Сиби
SBT,Сан Бернардино
SBU,Спрингбок
SBV,Сабах
SBZ,Сибиу
SCA,Санта-Каталина
SCD,Зулако
SCF,Феникс
SCI,Сан-Кристобаль
SCL,Сантьяго
SCO,Актау
SCQ,Сантьяго де Компостела
SCT,Сокотра
SCU,Сантьяго
SCV,Сучава
SCW,Сыктывкар
SCX,Залина-Крус
SDA,Багдад
SDC,Сендкрик
SDG,Санандадж
SDI,Сайдор
SDJ,Сендай
SDK,Сандакан
SDL,Сандсвалль
SDM,Сан Диего
SDQ,Санто-Доминго
SDR,Сантандер
SDS,Садо-Сима
SDT,Саиду-Шариф
SDW,Сандвип
SDX,Седона
SEB,Себа
SEC,Сер-Шевалье
SEE,Сан Диего
SEH,Сенггех
SEK,Ксар-Эс-Сук
SET,Сан-Эстебан
SEU,Серонера
SEV,Северодонецк
SEW,Сива
SEY,Селибаби
SEZ,Остров Махе
SFA,Сфакс
SFE,Сан Фернандо
SFF,Спокане
SFH,Сан-Фелипе
SFI,Сафи
SFN,Санта Фе
SFT,Скеллефти
SFU,Сафиа
SFW,Санта Фе
SFX,Сан-Феликс
SGB,Сингауа
SGC,Сургут
SGD,Сондерборг
SGE,Зиген
SGG,Симанганг
SGI,Саргодха
SGJ,Сагарай
SGK,Сангапи
SGM,Сан-Игнасио
SGN,Хо Чи Мин Сити
SGO,Сент Джордж
SGQ,Санггата
SGS,Санга-Санга
SGV,Сьерра-Гранде
SGX,Сонгеа
SGZ,Сонгкхла
SHA,Шанхай
SHB,Накасибецу
SHC,Индаселасси
SHE,Шеньян
SHF,Шаньягван
SHI,Симожисима
SHJ,Шарджа
SHK,Сехонгхонг
SHL,Шиллонг
SHM,Ширахама
SHO,Сокчо
SHP,Циньхуандао
SHS,Шаши
SHT,Шеппартон
SHV,Шревспорт
SHW,Шарура
SHY,Шиньянга
SHZ,Сешутес
SIB,Сибити
SIC,Синоп
SIE,Синес
SIF,Симара
SIG,Сан Хуан
SIH,Силгади-Доти
SII,Сиди-Ифни
SIJ,Сиглуфьордур
SIL,Сила
SIM,Симбай
SIN,Сингапур
SIP,Симферополь
SIR,Сион
SIS,Сишен
SIU,Сиуна
SIW,Сибиса
SIZ,Сиссано
SJA,Сан Хуан
SJB,Сан-Хоакин
SJC,Сан-Хосе
SJG,Сан-Педро-Жапуа
SJI,Сан-Хосе
SJJ,Сараево
SJL,Сан-Габриэл
SJM,Сан Хуан
SJN,Сент Джонс
SJP,Сан Хосе Ду Рио Прето
SJQ,Сешеке
SJS,Сан-Хосе
SJU,Сан Хуан
SJV,Сан-Хавьер
SJW,Шицзяжун
SJX,Сартанеджа
SJY,Сейнайоки
SKA,Спокане
SKC,Суки
SKD,Самарканд
SKE,Скиен
SKF,Сен Антонио
SKG,Салоники
SKI,Скикда
SKM,Скелдон
SKO,Сокото
SKP,Скопье
SKQ,Секакес
SKR,Шакисо
SKT,Сиалкот
SKU,Скирос
SKV,Санта-Катарина
SKX,Саранск
SKY,Сандуски
SKZ,Суккур
SLA,Сальта
SLB,Сторм Лейк
SLD,Шлияк
SLF,Сулаель
SLH,Сола
SLI,Солвези
SLJ,Чандлер
SLL,Салала
SLM,Саламанка
SLP,Сан-Луис-Потоси
SLS,Силистра
SLV,Симла
SLW,Сальтильо
SLY,Салехард
SMA,Санта-Мария
SMB,Сьерро-Сомбреро
SMC,Санта-Мария
SMG,Санта-Мария
SMH,Сапманга
SMJ,Сим
SMO,Санта Моника
SMP,Стокгольм
SMR,Санта Марта
SMT,Сан-Мун-Лейк
SMV,Сент Мориц
SMW,Смара
SMX,Санта-Мария
SMY,Сименти
SND,Сено
SNF,Сан-Фелипе
SNI,Синоу
SNJ,Сан-Хулиан
SNN,Шеннон
SNO,Сакан Накхон
SNQ,Сан-Кинтин
SNU,Санта-Клара
SNV,Санта-Элена
SNZ,Санта-Круз-Айленд
SOA,Сок-Транг
SOC,Соло Сити
SOD,Сорокаба
SOE,Суанке
SOF,София
SOG,Сондал
SOH,Солита
SOI,Остров Саут Молл
SOJ,Соркьосен
SOK,Семонгконг
SOM,Сан-Томе
SOO,Содерхамн
SOR,Эль-Таура
SOT,Соданкюля
SOX,Согамосо
SOY,Стронсей
SPE,Сепулот
SPH,Сопу
SPJ,Афины
SPP,Менонге
SPQ,Сан-Педро
SPR,Сан-Педро
SPT,Сипитанг
SPU,Сплит
SPX,Хьюстон
SPY,Сан-Педро
SQB,Санта-Ана
SQD,Синоп
SQF,Солано
SQJ,Шехди
SQL,Сан Карлос
SQN,Санана
SQO,Сторуман
SQR,Сороако
SQS,Сан-Игнасио
SQU,Субик-Бей
SRA,Санта-Роса
SRB,Санта-Роса
SRD,Сан-Рамон
SRE,Сукре
SRF,Сан-Рафаэль
SRG,Семаранг
SRH,Сарх
SRI,Самаринда
SRJ,Сан-Борха
SRK,Сьерра-Леоне
SRL,Санта-Росалия
SRN,Страхан
SRO,Сантана-Рамос
SRP,Сторд
SRS,Сан-Маркос
SRT,Сороти
SRU,Санта-Круз-Айленд
SRX,Серт
SRY,Сари
SRZ,Санта-Круз-Айленд
SSD,Сан-Фелипе
SSE,Шолапур
SSF,Сен Антонио
SSG,Малабо
SSH,Шарм Эль Шейх
SSJ,Санднессьоен
SSL,Санта-Росалия
SSO,Сан-Лоуренсу
SSR,Сара
SSS,Сиасси
SST,Санта-Тересита
STD,Санто-Доминго
STI,Сантьяго
STL,Сент Луис
STM,Сантарем
STN,Лондон
STP,Сен Поль
STR,Штуттгард
STS,Санта-Роса
STU,Санта-Круз-Айленд
STV,Сурат
STW,Ставрополь
STZ,Санта-Терезинья
SUB,Сурабайя
SUG,Суригао
SUH,Сур
SUI,Сухуми
SUJ,Сату Маре
SUL,Суи
SUO,"Сан-Ривер, шт. Орегон"
SUP,Суменеп
SUQ,Сукуа
SUR,Саммер-Бивер
SUS,Сент Луис
SUT,Сумбаванга
SUV,Сува
SUX,Сиокс Сити
SUY,Судурейри
SUZ,Суриа
SVB,Самбава
SVF,Саве
SVG,Ставангер
SVJ,Сволваер
SVK,Силвер-Крик
SVL,Савонлинна
SVO,Москва
SVP,Куито
SVR,Свей-Рьенг
SVU,Савусаву
SVX,Екатеринбург
SVY,Саво
SVZ,Сен Антонио
SWA,Шаньтоу
SWE,Сивеа
SWH,Суон Хилл
SWI,Свиндон
SWJ,Сауз-Вест-Бей
SWK,Милан
SWL,Спаниш-Уэллс
SWN,Сахивал
SWP,Свакопмунд
SWS,Суони
SWT,Стрежевой
SWU,Суон
SWY,Ситиаван
SWZ,Сидней
SXA,Сиалум
SXB,Страсбург
SXD,София Антиполис
SXE,Сейл
SXF,Берлин
SXG,Сенанга
SXH,Сехулеа
SXI,Сирри-Айленд
SXJ,Шаньшань
SXK,Саумлаки
SXL,Слайго
SXR,Сринагар
SXS,Сахабат-16
SXT,Таман Негара
SXU,Содду
SXZ,Сиирт
SYD,Сидней
SYE,Сада
SYK,Стиккишолмур
SYL,Сан-Мигель
SYM,Симан
SYO,Сонай
SYP,Сантьяго
SYR,Сиракус
SYX,Санья
SYZ,Шираз
SZA,Сойо
SZB,Куала-Лумпур
SZC,Санта-Круз-Айленд
SZD,Шеффилд
SZF,Самсун
SZG,Зальцбург
SZH,Сенипах
SZI,Зайсан
SZK,Скукуза
SZL,Варренсбург
SZM,Сезрим
SZN,Санта-Барбара-Ба
SZQ,Саенц-Пена
SZR,Стара-Загора
SZS,Стюарт-Айленд
SZU,Сегу
SZV,Сучжоу
SZW,Шверин
SZX,Шэньчжэнь
SZZ,Щецин
TAA,Тарапайна
TAD,Тринидад
TAE,Даегу
TAF,Оран
TAG,Тагбиларан
TAJ,Айтейп
TAK,Такаматсу
TAL,Танана
TAM,Тампико
TAN,Тангалума
TAO,Куаньдян
TAP,Тапашула
TAQ,Таркула
TAR,Таранто
TAS,Ташкент
TAT,Попрад
TAU,Таурамена
TAW,Такуарембо
TAX,Талиабу
TAY,Тарту
TBA,Табибуга
TBB,Туй-Хоа
TBD,Тимбуки
TBE,Тимбунке
TBF,Табитуа-Норт
TBG,Табубил
TBH,Таблас
TBI,Зе-Байт
TBJ,Табарка
TBK,Тимбер-Крик
TBL,Тейблленд
TBM,Тумбанг-Самба
TBO,Табора
TBP,Тумбес
TBQ,Тарабо
TBS,Тбилиси
TBW,Тамбов
TBZ,Табриз
TCA,Теннант Крик
TCC,Тукумкари
TCD,Тарапака
TCE,Тулча
TCF,Токоа
TCH,Чибанга
TCN,Теуакан
TCO,Тумако
TCP,Таба
TCV,Тете
TDA,Тринидад
TDD,Тринидад
TDG,Тандаг
TDJ,Таджура
TDK,Талды-Курган
TDL,Тандиль
TDO,Толедо
TDR,Теодоре
TDT,Танда Тула
TDV,Танандава
TDW,Амарильо
TDX,Трат
TDZ,Толедо
TEA,Тела
TED,Тистед
TEE,Тбесса
TEG,Тенкодого
TEI,Тезу
TEL,Телупид
TEO,Терапо
TEP,Тептеп
TEQ,Текиргад
TES,Тессеней
TET,Тете
TEU,Те Анау
TEY,Тингейри
TEZ,Тезпур
TFC,Таормина
TFF,Тефе
TFI,Туфи
TFM,Телефомин
TFN,Тенерифе
TFR,Рамадан
TFS,Тенерифе
TFT,Тафтан
TFY,Тарфая
TGF,Тинье
TGG,Куала-Теренгану
TGH,Тонгоа
TGI,Тинго-Мария
TGJ,Тига
TGL,Тагула
TGM,Тиргу Мурес
TGO,Тонглян
TGQ,Тангара де Серра
TGT,Танга
TGU,Тегусигальпа
TGV,Тарговиште
TGZ,Тухтла-Гутьеррес
THC,Тчиен
THE,Терезина
THF,Берлин
THH,Тахароа
THI,Тишитт
THK,Тхакхек
THL,Тачилек
THN,Тролльхеттан
THO,Торсхофн
THP,Термополис
THR,Техран
THT,Тамшакет
THZ,Тахуа
TIB,Тибу
TID,Тиарет
TIE,Типпи
TIF,Таиф
TIG,Тингвон
TIH,Тикехау-Атолл
TII,Таринкот
TIJ,Тихуана
TIK,Оклахома Сити
TIN,Тиндуф
TIO,Тилин
TIP,Триполи
TIR,Тирупати
TIU,Тимару
TIV,Тиват
TIW,Такома
TIY,Тиджикья
TIZ,Тари
TJI,Трухилло
TJK,Токат
TJM,Тюмень
TJV,Тханджавур
TKB,Текаду
TKC,Тико
TKD,Такоради
TKG,Бандар-Лампунг
TKH,Такхли
TKM,Тикал
TKO,Тлокоэнг
TKP,Такапото
TKQ,Кигома
TKR,Такургаон
TKS,Токушима
TKT,Так
TKU,Турку
TKV,Татакото
TKW,Текин
TKX,Такароа
TLB,Тарбела
TLE,Тулеар
TLH,Таллахасси
TLI,Толитоли
TLJ,Таталина
TLK,Талкнафьордур
TLL,Таллинн
TLN,Хиерес
TLO,Тол
TLP,Тумболбил
TLS,Тулуз
TLU,Толу
TLW,Таласеа
TLX,Талька
TMB,Майами
TMC,Тамболака
TMD,Тимбедра
TME,Таме
TMG,Томангонг
TMH,Танахмерах
TMJ,Термез
TMK,Тамки
TML,Тамале
TMM,Таматаве
TMO,Тумеремо
TMP,Тампере
TMQ,Тамбао
TMR,Таманрассет
TMU,Тамбор
TMW,Тамворт
TMX,Тимимун
TNA,Цзинань
TNB,Танах-Гродот
TND,Тринидад
TNE,Танегасима
TNG,Танжер
TNH,Тонхва
TNI,Сатна
TNL,Тернополь
TNN,Тайнань
TNO,Тамариндо
TNT,Майами
TNU,Ньютон
TOA,Торранс
TOB,Тобрук
TOD,Тиоман
TOE,Тозер
TOF,Томск
TOH,Торрес
TOJ,Мадрид
TOK,Торокина
TOM,Томбукту
TON,Тону
TOQ,Токопийа
TOS,Тромсо
TOT,Тотнесс
TOU,Туо
TOW,Толедо
TOX,Тобольск
TOY,Тояма
TPA,Тампа
TPC,Тарапоа
TPG,Тайпинг
TPH,Тонопа
TPI,Тапини
TPJ,Тапледжунг
TPK,Тапактуан
TPN,Типутини
TPP,Тарапото
TPQ,Тепик
TPS,Тапини
TPT,Тапета
TPU,Тикапур
TQN,Талукан
TQS,Трес-Эскинас
TRA,Тарамажима
TRB,Турбо
TRC,Торреон
TRD,Трондхайм
TRG,Тауранга
TRJ,Таракбиц
TRN,Турин
TRO,Тари
TRR,Тринкомали
TRS,Триест
TRU,Трухилло
TRV,Тривандрум
TRW,Тарава
TRY,Тороро
TRZ,Тиручирапалли
TSB,Тсумеб
TSC,Таиша
TSD,Тшиписе
TSE,Астана
TSF,Тревисо
TSG,Танакросс
TSH,Тшикапа
TSI,Цили-Цили
TSJ,Цусима
TSK,Таскул
TSL,Тамуин
TSM,Таос
TSN,Тяньцзинь
TSQ,Торрес
TSR,Тимисоара
TSS,Нью-Йорк
TST,Транг
TSU,Табитуа-Сауз
TSV,Таунсвилл
TSW,Цеви
TSY,Тасикмалая
TTA,Тан Тан
TTC,Талтал
TTE,Тернате
TTG,Тартагал
TTH,Тумрайт
TTJ,Тоттори
TTL,Тертл-Айленд
TTQ,Тортукеро
TTR,Тана Торайа
TTS,Тсаратанана
TTT,Тайтунг
TUC,Тукуман
TUD,Тамбакунда
TUE,Тупиле
TUF,Турс
TUG,Тугуэгарао
TUI,Тураиф
TUJ,Тум
TUK,Турбат
TUL,Тулса
TUN,Тунис
TUO,Таупо
TUP,Тупело
TUQ,Туган
TUT,Таута
TUU,Табук
TUV,Тукупита
TUW,Тубала
TUY,Тулум
TUZ,Тукума
TVA,Морафенобе
TVC,город Траверсе
TVL,Южное Озеро Тахо
TVU,Тавеуни
TWE,Тейлор
TWZ,Маунт Кук
TXG,Тайчунг
TXL,Берлин
TXM,Теминабуан
TXN,Тунси
TXR,Танбар
TYA,Тула
TYD,Тында
TYM,Станиэл-Кэй
TYN,Тайвань
TYS,Ноксвилл
TYZ,Тейлор
TZL,Тузла
TZM,Тисимин
TZX,Трабзон
UAB,Адана
UAC,Сан-Луис-Рио-Колорадо
UAE,Маунт-Эу
UAI,Суаи
UAL,Луау
UAQ,Сан Хуан
UAS,Самбуру
UAX,Уахактун
UBA,Юбераба
UBI,Буин
UBJ,Убе
UBP,Убон-Ратчатхани
UBT,Убатуба
UCK,Луцк
UCN,Бучанан
UCT,Ухта
UDA,Ундарра
UDD,Палм Спрингс
UDJ,Ужгород
UDO,Удомхей
UDR,Удайпур
UEE,Куинстаун
UEL,Келимане
UES,Ваукеша
UET,Кветта
UFA,Уфа
UGC,Ургенч
UGO,Уиже
UHE,Угерске-Градиште
UIB,Кибдо
UIK,Усть-Илимск
UIN,Куинси
UIO,Куито
UIP,Куимпер
UIQ,Кин-Хилл
UJE,Удже-Айленд
UKB,Кобе
UKK,Усть-Каменогорск
UKR,Мукейрас
UKS,Севастополь
UKU,Нуку
UKX,Усть-Кут
UKY,Киото
ULA,Сан-Хулиан
ULB,Улей
ULC,Сантьяго
ULD,Улунди
ULE,Зуле
ULL,Мулл
ULQ,Тулуа
ULS,Мулатос
ULU,Гулу
ULY,Ульяновск
UMC,Умба
UMD,Уумманнак
UME,Умео
UMY,Сумы
UNC,Унгиа
UND,Кундуз
UNG,Киунга
UNI,Юнион-Айленд
UNN,Ранонг
UON,Муонг-Сей
UPA,Пунта-Алегре
UPB,Гавана
UPC,Пуэрто Ла Крус
UPL,Упала
UPN,Уруапан
UPR,Упиара
URA,Уральск
URC,Урумги
URE,Курессааре
URI,Урибе
URJ,Урай
URM,Уриман
URN,Ургун
URO,Руан
URR,Уррао
URS,Курск
URT,Сурат-Тхани
URY,Гураят
URZ,Урузган
USH,Ушуайа
USI,Мабарума
USK,Усинск
USM,Кох-Самуи
USN,Ульсан
USO,Усино
USQ,Асак
USS,Санкти-Спиритус
UST,Сент Огустин
USU,Корон
UTA,Мутаре
UTC,Утрехт
UTE,Баттерворт
UTH,Удон Тхани
UTL,Торремолинос
UTN,Упингтон
UTR,Уттарадит
UTT,Умтата
UTW,Куинстаун
UUA,Бугульма
UUD,Улан-Удэ
UUS,Южно-Сахалинск
UUU,Мануму
UVO,Увол
UYL,Ньяла
UYN,Фулин
UZH,Унайза
UZU,Курусу-Куатья
VAA,Васа
VAB,Яварате
VAC,Варрельбух
VAF,Валенс
VAI,Ванимо
VAN,Ван
VAO,Суаванао
VAP,Вальпараисо
VAR,Варна
VAS,Сивас
VAT,Ватомандри
VAU,Ватукула
VBS,Бресия
VBV,Вануабалаву
VBY,Висби
VCA,Кан-Тхо
VCE,Венеция
VCF,Вальчета
VCH,Вичадеро
VCL,Тамки
VCR,Карора
VCT,Лимбе
VDA,Эйлат
VDB,Фагернес
VDD,Вена
VDE,Валверде
VDR,Вилья-Долорес
VDS,Вадсо
VEG,Маиквак
VEJ,Вежле
VER,Веракруз
VEV,Баракома
VEY,Вестменнейяр
VFA,Водопады Виктории
VGA,Виджаявада
VGD,Вологда
VGG,Вангренг
VGO,Виго
VGT,Лас Вегас
VGZ,Виллагарсон
VHC,Сауримо
VHM,Вилхелмина
VHY,Вичи
VHZ,Вахитахи
VIB,Вилья-Конститусьон
VIC,Виченца
VID,Видин
VIE,Вена
VIF,Виесте
VIG,Эль-Вигиа
VIH,Вичи
VIN,Винница
VIQ,Викеке
VIR,Дурбан
VIU,Виру
VIV,Вивигани
VIX,Витория
VIY,Париж
VJI,Абингдон
VKG,Рач-Дже
VKO,Москва
VKS,Виксбург
VKT,Воркута
VLC,Валенсия
VLG,Вилья-Хесель
VLI,Порт Вила
VLK,Волгодонск
VLL,Вальядолид
VLN,Валенсия
VLO,"Валледжо, шт. Калифорния"
VLP,Вила-Рика
VLR,Вайенар
VLS,Вейлсдир
VLU,Великие Луки
VLV,Валера
VME,Вилья-Мерседес
VMU,Беймуру
VNA,Сараване
VNE,Ваннес
VNO,Вильнюс
VNS,Варанаси
VNT,Вентспилс
VNX,Виланкулос
VNY,Лос Анджелес
VOG,Волгоград
VOH,Вохемар
VOI,Войнджама
VOL,Волос
VOZ,Воронеж
VPN,Вопнафьордур
VPZ,Вальпараисо
VRA,Варадеро
VRB,Веро Бич
VRC,Вирак
VRE,Вредендаль
VRL,Вила-Реал
VRN,Верона
VRO,Матансас
VRS,Версаль
VRU,Врибург
VRY,Верой
VSA,Вийяхермоса
VSE,Визеу
VSG,Луганск
VSO,Пхуоклонг
VST,Стокгольм
VTA,Лимбе
VTB,Витебск
VTE,Виентиане
VTF,Ватулеле
VTL,Виттель
VTU,Лас-Тунас
VTZ,Вишакхапатнам
VUP,Валледупар
VUS,Великий Устюг
VVB,Маханору
VVI,Санта-Круз-Айленд
VVK,Вастервик
VVO,Владивосток
VVZ,Иллизи
VYD,Врихейд
VYS,Перу
WAA,Уэльс
WAB,Вабаг
WAC,Вака
WAD,Андриамена
WAE,Вади-ад-Давасир
WAF,Вана
WAG,Вангануи
WAI,Антсохиху
WAJ,Вавой-Фоллз
WAK,Анказоабо
WAM,Амбатондразака
WAN,Вейверни
WAO,Вабо
WAP,Альто-Палена
WAQ,Антсалова
WAR,Варис
WAT,Вотерфорд
WAW,Варшава
WBD,Бефандриана
WBE,Беаланана
WBM,Вапенаманда
WBO,Беророха
WCA,Кастро
WCH,Чайтен
WDA,Вади-Эйн
WDI,Вондай
WED,Ведау
WEF,Вэйфан
WEH,Вейхай
WEL,Велком
WEP,Вим
WES,Висуа
WET,Вагете
WEX,Уэксфорд
WFD,Вудфорд
WFI,Фианаранцоа
WGA,Вагга-Вагга
WGB,Бахавалнагар
WGN,Вайтанги
WGP,Ваингапу
WGY,Вагни
WHF,Вади-Халфа
WHK,Вакатане
WHO,Франц-Джозеф
WHP,Лос Анджелес
WHS,Волсей
WHU,Вуху
WIC,Вик
WID,Вильденрат
WIE,Висбаден
WIK,Сурфдейл
WIL,Найроби
WIU,Виту
WJA,Воджа
WJR,Ваджир
WKA,Ванака
WKN,Вакунай
WLA,Валлал
WLC,Валха
WLG,Уеллингтон
WLH,Валаха
WLL,Воллогорэнг
WLO,Ватерло
WMA,Мандритсара
WMB,Варранамбул
WMD,Мандабе
WML,Малаимбанди
WMN,Мароантсера
WMP,Мампикони
WMR,Мананара
WMV,Мадировало
WMX,Вамена
WNE,Вора-На-Йе
WNP,Нага
WNU,Ванума
WNZ,Венчжоу
WOA,Воненара
WOE,Вонсдрехт
WOI,Вологисси
WOK,Вонкен
WOL,Воллонгонг
WON,Вондула
WOT,Вонань
WPA,Пуэрто-Айсен
WPB,Порт-Бердж
WPM,Випим
WPR,Порвенир
WPU,Пуэрто-Вильямс
WRA,Уордер
WRB,Макон
WRE,Вангарей
WRO,Вроцлав
WRY,Вестрей
WSA,Васуа
WSJ,Сан Хуан
WSO,Вашабо
WSR,Васиор
WSU,Васу
WSY,Эйрли Бич
WSZ,Вестпорт
WTA,Тамбохорано
WTC,Нью-Йорк
WTD,Вест-Энд
WTP,Войтапе
WTS,Тсироаномандиди
WTT,Вантоат
WUG,Вау
WUH,Вухан
WUS,Вуйшань
WUU,Вау
WUX,Вуси
WUZ,Вучжоу
WVB,Волвис-Бей
WVK,Манакара
WVL,Уотервилл
WWK,Вевак
WYA,Вайалла
WYE,Енгема
WYS,Уест Йеллоустоун
XAL,Аламос
XAR,Арибинда
XAU,Саул
XAY,Ксейабери
XBG,Боганд
XBJ,Бирджанд
XBL,Буно-Беделле
XBN,Бинигуни
XBO,Булса
XDB,Лилль
XDE,Диебугу
XDJ,Джибо
XDT,Париж
XDV,Принс Джордж
XDW,Принц Руперт
XEA,Ванкувер
XEN,Хайньчен
XEX,Париж
XFA,Лилль
XFN,Сянфань
XFW,Гамбург
XFY,Квебек
XFZ,Квебек
XGA,Гауа
XGB,Париж
XGN,Шангонго
XHN,Льеж
XHX,Аделаида
XIC,Хайчэн
XIE,Ксьенглом
XIG,Шингуэра
XIK,Милан
XIL,Хайлиньхот
XIN,Хайньнин
XIX,Верона
XKA,Канчари
XKC,Сенднес
XKH,Ксьенг-Кхуанг
XKY,Кайя
XLJ,Квебек
XLM,Монреаль
XLO,Лонь-Йен
XLS,Сент Луис
XLU,Лео
XMG,Махендранагар
XMH,Манихи
XMI,Масаси
XMN,Сямэнь
XMS,Макас
XNG,Кванг-Нгаи
XNN,Хайнин
XNT,Хайнтай
XOZ,Доха
XPA,Пама
XPG,Париж
XPL,Комаягуа
XPQ,Порт Кланг
XRH,Ричмонд
XRJ,Рим
XSA,Синоу
XSD,Тонопа
XSE,Себба
XSP,Сингапур
XTA,Тяньцзинь
XTF,Тяньцзинь
XTO,Тарум
XTT,Париж
XUZ,Хучжоу
XVL,Винь-Лонь
XVQ,Венеция
XVY,Рим
XWC,Вена
XWK,Роннеби
XWL,Готенбург
XWQ,Енкопинг
XWW,Вена
XWZ,Никопинг
XYD,Лион
XYE,Йе
XYL,Лион
XYO,Карлсхамн
XYT,Тулуз
XYV,Лион
XZA,Забре
XZF,Дамман
YAI,Чиллан
YAM,Со Сен Мари
YAN,Янгамби
YAO,Яунде
YAW,Галифакс
YBA,Банфф
YBL,Кэмпбелл Ривер
YBP,Ибин
YBR,Брэндон
YBW,Калгари
YCD,Нанаимо
YCN,Кочране
YCW,Чиллиуок
YDT,Ванкувер
YDX,Док-Крик
YED,Едмонтон
YEI,Бурса
YEO,Йовилтон
YEQ,Енкис
YFC,Фредериктон
YGJ,Йонаго
YGK,Кингстоун
YHC,Хакаи-Пасс
YHD,Драйден
YHH,Кэмпбелл Ривер
YHM,Гамильтон
YHU,Монреаль
YHZ,Галифакс
YIH,Фучэн
YIN,Иньин
YIW,Иву
YKA,Камлупс
YKM,Якима
YKS,Якутск
YKZ,Торонто
YLN,Фулан
YMS,Юримагуас
YMX,Монреаль
YNB,Янбу
YND,Оттава
YNJ,Яньцзи
YNT,Янтай
YNY,Янян
YNZ,Яньчэн
YOK,Йокогама
YOL,Йола
YOS,Оуэн Саунд
YOW,Оттава
YPI,Порт Симпсон
YPR,Принц Руперт
YQE,Кимберли
YQG,Виндзор
YQL,Летбридж
YQT,Тандер Бэй
YQV,Йорктон
YQZ,Кеснел
YRO,Оттава
YRV,Ревелстоук
YSJ,Сент Джон
YSP,Марафон
YTK,Тулугак
YTM,Мон Тремблан
YTO,Торонто
YTU,Тасу
YTZ,Торонто
YUL,Монреаль
YVD,Ева
YWF,Галифакс
YWG,Виннипег
YWH,Лимбе
YWS,Уистлер
YXD,Едмонтон
YXE,Саскатун
YXH,Медисин Хет
YXS,Принс Джордж
YYB,Норт Бэй
YYF,Пентинктон
YYJ,Лимбе
YYZ,Торонто
ZAD,Задар
ZAG,Загреб
ZAH,Захедан
ZAJ,Зарандж
ZAL,Вальдивия
ZAO,Каор
ZAR,Зариа
ZAS,Шанде
ZAT,Жаньтон
ZAZ,Сарагоса
ZBE,Забржег
ZBF,Батерст
ZBK,Завлака
ZBP,Балтимор
ZBY,Сайабори
ZCL,Закатекас
ZCO,Темуко
ZCP,Фошан
ZDU,Данди
ZEG,Сенгго
ZER,Зеро
ZFA,Фаро
ZFJ,Ренн
ZFQ,Бордо
ZGC,Ланчжоу
ZGL,Сауз-Галвей
ZGM,Нгома
ZGN,Чжуншань
ZGY,Кучинг
ZHA,Чжаньчзян
ZHC,Филадельфия
ZHM,Шамшернагар
ZIC,Лимбе
ZIG,Зигунчор
ZIH,Ихтапа-Сихуатанех
ZJB,Куантан
ZJR,Пенанг
ZJY,Понза
ZKB,Касаба-Бей
ZKL,Стеенкоол
ZKM,Сетте-Кама
ZLG,Эль-Гуэра
ZLO,Манзанилло
ZLX,Лондон
ZMF,Неаполь
ZMJ,Неаполь
ZMK,Бинтулу
ZMM,Замора
ZNA,Нанаимо
ZND,Зиндер
ZNE,Ньюмен
ZOS,Осорно
ZPC,Пукон
ZQN,Куинстаун
ZRD,Ричмонд
ZRF,Рокфорд
ZRH,Цюрих
ZRI,Серуи
ZRK,Рокфорд
ZRT,Хартфорд
ZRU,Бостон
ZRV,Провиденс
ZSA,Сан-Сальвадор
ZSP,Сен Поль
ZSW,Принц Руперт
ZTE,Рочестер
ZTN,Филадельфия
ZTO,Бостон
ZTR,Житомир
ZTY,Бостон
ZUD,Анкуд
ZUH,Чжухай
ZUL,Зилфи
ZVA,Миандривацо
ZVK,Сваннакхэт
ZWA,Андапа
ZWR,Кота Кинабалу
ZXP,Перт
ZYD,Лиссабон
ZYF,Фаро
ZYH,Гаага
ZYI,Цунии
ZYQ,Сиракус
ZZU,Мзузу
ZZV,Занесвилл